zip,city,county,fy_2020,fy_2021,fy_2022,fy_2023,fy_2024
95667,Placerville,El Dorado,3586,4073,4398,4890,6395
92352,Lake Arrowhead,San Bernardino,4227,5284,5999,6304,6293
96161,Truckee,Nevada,1809,2489,3401,4509,5332
92315,Big Bear Lake,San Bernardino,2760,3681,4524,4987,5175
92314,Big Bear City,San Bernardino,2718,3274,4226,4668,4872
95370,Sonora,Tuolumne,2766,3113,3310,4053,4574
96150,South Lake Tahoe,El Dorado,1633,2344,2750,3633,4385
95223,Arnold,Calaveras,2893,3440,3769,4233,4326
95949,Grass Valley,Nevada,2619,3046,3218,3833,4216
92325,Crestline,San Bernardino,3035,3650,3978,4115,4044
95959,Nevada City,Nevada,2276,2698,2961,3598,3987
95945,Grass Valley,Nevada,1643,1846,2075,2752,3350
92065,Ramona,San Diego,974,1243,1559,2052,2701
92028,Fallbrook,San Diego,446,615,976,1631,2560
92382,Running Springs,San Bernardino,1804,1997,2309,2482,2560
92549,Idyllwild,Riverside,1588,1917,2348,2487,2548
95966,Oroville,Butte,939,1078,1168,1840,2546
95602,Auburn,Placer,1255,1540,1662,2067,2499
95726,Pollock Pines,El Dorado,1801,2035,2159,2260,2458
91901,Alpine,San Diego,962,1206,1686,2140,2430
90011,Los Angeles,Los Angeles,2719,2597,2440,2408,2398
90265,Malibu,Los Angeles,1116,1457,1698,1935,2366
90210,Beverly Hills,Los Angeles,1269,1605,1923,2118,2221
92082,Valley Center,San Diego,329,450,956,1585,2207
92679,Trabuco Canyon,Orange,441,840,1078,1418,2186
95682,Shingle Springs,El Dorado,454,718,824,1361,2100
95666,Pioneer,Amador,1419,1665,1777,1972,2041
95321,Groveland,Tuolumne,1173,1407,1608,1876,2020
95383,Twain Harte,Tuolumne,1483,1653,1795,1958,1994
90046,Los Angeles,Los Angeles,1487,1656,1862,2006,1979
92570,Perris,Riverside,407,548,723,1077,1940
95954,Magalia,Butte,766,984,1109,1719,1939
91302,Calabasas,Los Angeles,595,763,878,1096,1922
95338,Mariposa,Mariposa,688,944,1414,1539,1922
90290,Topanga,Los Angeles,1572,1746,1810,1922,1915
92399,Yucaipa,San Bernardino,533,719,958,1271,1861
90077,Los Angeles,Los Angeles,1068,1319,1498,1601,1799
92562,Murrieta,Riverside,388,555,773,1098,1789
92026,Escondido,San Diego,365,504,791,1139,1763
92386,Sugarloaf,San Bernardino,1070,1214,1480,1585,1756
90044,Los Angeles,Los Angeles,1912,1791,1714,1699,1724
95713,Colfax,Placer,926,1365,1399,1451,1717
95969,Paradise,Butte,126,267,432,981,1715
91709,Chino Hills,San Bernardino,482,590,705,946,1692
91342,Sylmar,Los Angeles,891,934,954,1204,1681
90001,Los Angeles,Los Angeles,1860,1814,1752,1734,1673
94611,Oakland,Alameda,547,791,1001,1168,1666
92530,Lake Elsinore,Riverside,356,464,601,907,1625
90049,Los Angeles,Los Angeles,661,815,984,1085,1600
90003,Los Angeles,Los Angeles,1719,1623,1560,1547,1597
93561,Tehachapi,Kern,536,705,894,1151,1594
91384,Castaic,Los Angeles,514,646,937,1124,1592
92397,Wrightwood,San Bernardino,637,820,1140,1431,1572
95603,Auburn,Placer,423,675,685,855,1559
95631,Foresthill,Placer,1044,1425,1493,1539,1558
92883,Corona,Riverside,97,192,304,616,1433
90272,Pacific Palisades,Los Angeles,360,527,647,773,1430
91387,Canyon Country,Los Angeles,323,437,482,699,1429
93614,Coarsegold,Madera,395,539,831,1022,1412
95946,Penn Valley,Nevada,500,571,646,985,1388
90037,Los Angeles,Los Angeles,1512,1457,1377,1360,1355
93664,Shaver Lake,Fresno,1127,1321,1257,1308,1352
93644,Oakhurst,Madera,466,626,866,986,1350
90068,Los Angeles,Los Angeles,955,1022,1104,1213,1341
91935,Jamul,San Diego,680,771,969,1157,1330
90063,Los Angeles,Los Angeles,1510,1449,1372,1330,1327
92592,Temecula,Riverside,160,258,474,654,1313
96145,Tahoe City,Placer,481,805,904,1033,1304
93023,Ojai,Ventura,173,353,598,810,1293
91390,Santa Clarita,Los Angeles,575,698,775,867,1288
92223,Beaumont,Riverside,219,283,402,644,1269
95451,Kelseyville,Lake,526,684,769,1020,1248
95722,Meadow Vista,Placer,604,883,960,1147,1233
92882,Corona,Riverside,198,253,325,577,1225
92595,Wildomar,Riverside,152,250,303,704,1212
95247,Murphys,Calaveras,592,745,838,1066,1195
94563,Orinda,Contra Costa,96,157,232,340,1191
95033,Los Gatos,Santa Cruz,374,423,562,666,1180
95006,Boulder Creek,Santa Cruz,225,309,581,841,1153
91301,Agoura Hills,Los Angeles,320,410,477,642,1151
93108,Santa Barbara,Santa Barbara,332,528,727,916,1150
96003,Redding,Shasta,297,411,483,744,1127
90280,South Gate,Los Angeles,1101,1078,1038,1016,1116
92407,San Bernardino,San Bernardino,483,517,538,685,1107
90002,Los Angeles,Los Angeles,1274,1209,1170,1126,1106
92544,Hemet,Riverside,291,372,435,595,1091
92021,El Cajon,San Diego,153,217,342,591,1068
93105,Santa Barbara,Santa Barbara,458,614,754,830,1065
90022,Los Angeles,Los Angeles,1220,1163,1094,1060,1057
95665,Pine Grove,Amador,715,835,882,978,1041
90201,Bell Gardens,Los Angeles,994,973,940,950,1038
92019,El Cajon,San Diego,158,210,304,486,1033
90023,Los Angeles,Los Angeles,1169,1135,1075,1042,1017
93923,Carmel,Monterey,339,522,651,733,1016
91361,Westlake Village,Ventura,225,363,434,481,1011
91042,Tujunga,Los Angeles,710,695,664,754,1010
90255,Huntington Park,Los Angeles,1077,1033,984,999,1006
91765,Diamond Bar,Los Angeles,365,455,486,571,984
91331,Pacoima,Los Angeles,927,872,857,897,980
92651,Laguna Beach,Orange,301,375,467,589,969
92036,Julian,San Diego,512,636,756,894,966
91001,Altadena,Los Angeles,670,657,651,744,958
91364,Woodland Hills,Los Angeles,281,355,358,486,948
95018,Felton,Santa Cruz,191,263,426,579,944
95066,Scotts Valley,Santa Cruz,78,118,237,434,937
95709,Camino,El Dorado,465,733,766,821,935
92391,Twin Peaks,San Bernardino,615,778,830,881,932
93065,Simi Valley,Ventura,139,187,226,352,932
92040,Lakeside,San Diego,197,222,332,497,927
94549,Lafayette,Contra Costa,59,114,144,254,927
96137,Westwood,Plumas,425,542,610,813,926
95762,El Dorado Hills,El Dorado,160,237,288,445,912
92371,Phelan,San Bernardino,201,261,342,560,892
93546,Mammoth Lakes,Mono,156,197,327,498,892
90018,Los Angeles,Los Angeles,1029,977,910,892,883
95446,Guerneville,Sonoma,82,128,293,601,881
90047,Los Angeles,Los Angeles,929,867,815,794,870
95335,Long Barn,Tuolumne,613,713,799,871,862
92131,San Diego,San Diego,288,326,375,472,859
95490,Willits,Mendocino,372,489,603,741,853
92503,Riverside,Riverside,141,181,208,324,850
92532,Lake Elsinore,Riverside,110,196,242,379,839
92064,Poway,San Diego,140,204,259,398,835
93222,Pine Mountain Club,Kern,583,668,696,741,835
90065,Los Angeles,Los Angeles,799,758,743,758,830
91362,Thousand Oaks,Ventura,92,130,168,272,828
95060,Santa Cruz,Santa Cruz,132,160,263,392,826
95482,Ukiah,Mendocino,125,188,239,398,824
90042,Los Angeles,Los Angeles,868,810,785,777,823
96088,Shingletown,Shasta,293,380,418,693,817
91011,La Canada Flintridge,Los Angeles,365,365,394,474,807
92027,Escondido,San Diego,108,179,219,430,806
91356,Tarzana,Los Angeles,190,228,243,308,802
92078,San Marcos,San Diego,129,168,228,321,799
91321,Newhall,Los Angeles,156,209,235,358,797
90062,Los Angeles,Los Angeles,934,880,809,808,796
91604,Studio City,Los Angeles,364,480,552,605,777
92373,Redlands,San Bernardino,194,251,347,495,776
90262,Lynwood,Los Angeles,819,803,770,773,769
92084,Vista,San Diego,159,300,372,482,768
93510,Acton,Los Angeles,159,199,305,437,761
95228,Copperopolis,Calaveras,152,237,326,557,759
92129,San Diego,San Diego,88,204,216,296,756
91208,Glendale,Los Angeles,413,393,404,488,753
92220,Banning,Riverside,167,187,260,378,753
90221,Compton,Los Angeles,880,830,759,751,750
93285,Wofford Heights,Kern,504,605,652,725,750
95633,Garden Valley,El Dorado,460,524,569,598,745
93551,Palmdale,Los Angeles,180,228,279,421,744
93063,Simi Valley,Ventura,250,285,318,378,739
95379,Tuolumne,Tuolumne,302,388,435,614,738
95684,Somerset,El Dorado,435,552,551,663,737
96146,Olympic Valley,Placer,318,499,554,632,735
90026,Los Angeles,Los Angeles,822,783,742,733,729
92344,Hesperia,San Bernardino,183,268,358,470,727
92555,Moreno Valley,Riverside,94,107,131,238,717
93924,Carmel Valley,Monterey,356,412,517,563,711
91206,Glendale,Los Angeles,567,574,572,633,709
95346,Mi Wuk Village,Tuolumne,552,625,655,707,707
90031,Los Angeles,Los Angeles,773,749,687,710,705
94558,Napa,Napa,163,215,380,498,705
91040,Sunland,Los Angeles,421,427,425,493,704
95404,Santa Rosa,Sonoma,123,167,332,470,704
93225,Frazier Park,Kern,246,309,405,492,699
92557,Moreno Valley,Riverside,114,139,174,288,690
92345,Hesperia,San Bernardino,173,185,196,277,686
96142,Tahoma,El Dorado,125,194,277,504,686
95634,Georgetown,El Dorado,399,468,518,547,685
91214,La Crescenta,Los Angeles,286,256,260,347,684
92029,Escondido,San Diego,189,316,348,425,682
91311,Chatsworth,Los Angeles,246,285,316,368,679
91352,Sun Valley,Los Angeles,573,553,531,569,679
95422,Clearlake,Lake,82,146,202,307,678
95005,Ben Lomond,Santa Cruz,103,147,248,374,677
91744,La Puente,Los Angeles,665,644,597,605,676
95327,Jamestown,Tuolumne,223,290,359,521,671
92324,Colton,San Bernardino,228,263,285,371,670
90059,Los Angeles,Los Angeles,784,749,715,676,665
92127,San Diego,San Diego,38,64,93,183,661
96140,Carnelian Bay,Placer,137,264,409,567,660
91423,Sherman Oaks,Los Angeles,327,411,480,553,656
91436,Encino,Los Angeles,120,179,215,294,655
91320,Newbury Park,Ventura,88,108,134,208,653
90033,Los Angeles,Los Angeles,780,745,700,690,650
92341,Green Valley Lake,San Bernardino,433,500,569,622,649
92333,Fawnskin,San Bernardino,422,475,551,598,635
92584,Menifee,Riverside,61,122,175,257,633
92404,San Bernardino,San Bernardino,332,337,311,423,631
92346,Highland,San Bernardino,117,131,156,254,630
92539,Anza,Riverside,208,297,384,476,630
95614,Cool,El Dorado,262,386,433,469,623
96007,Anderson,Shasta,77,116,164,317,623
93240,Lake Isabella,Kern,72,117,148,252,621
95252,Valley Springs,Calaveras,125,176,318,479,620
95003,Aptos,Santa Cruz,69,192,200,277,618
90043,Los Angeles,Los Angeles,699,646,608,594,616
90220,Compton,Los Angeles,672,636,602,599,616
91304,Canoga Park,Los Angeles,299,326,337,390,614
92688,Rancho Santa Margarita,Orange,43,54,61,155,614
93643,North Fork,Madera,428,507,564,598,609
92545,Hemet,Riverside,87,134,155,222,607
92563,Murrieta,Riverside,56,93,111,191,606
96022,Cottonwood,Tehama,153,195,251,414,606
90019,Los Angeles,Los Angeles,674,608,568,567,605
91403,Sherman Oaks,Los Angeles,257,310,369,444,604
95623,El Dorado,El Dorado,177,269,295,448,604
91326,Porter Ranch,Los Angeles,138,152,158,256,602
91745,Hacienda Heights,Los Angeles,355,366,373,411,599
93265,Springville,Tulare,416,436,480,565,592
92071,Santee,San Diego,28,48,78,188,591
90032,Los Angeles,Los Angeles,666,619,589,592,590
92509,Riverside,Riverside,201,215,242,298,588
91350,Santa Clarita,Los Angeles,141,184,195,267,585
92587,Quail Valley,Riverside,64,96,108,224,584
94506,Danville,Contra Costa,41,40,53,137,579
95672,Rescue,El Dorado,177,313,354,455,578
93271,Three Rivers,Tulare,79,169,252,483,574
92320,Calimesa,Riverside,61,94,177,342,573
94941,Mill Valley,Marin,177,222,254,313,565
96067,Mount Shasta,Siskiyou,68,87,115,178,561
90016,Los Angeles,Los Angeles,671,620,574,568,553
92676,Silverado,Orange,462,535,555,579,553
91381,Stevenson Ranch,Los Angeles,84,103,138,193,551
95076,Watsonville,Santa Cruz,126,159,229,326,549
95448,Healdsburg,Sonoma,165,216,346,430,549
96143,Kings Beach,Placer,199,318,397,460,549
91307,West Hills,Los Angeles,195,198,273,333,546
95642,Jackson,Amador,117,193,277,402,540
95222,Angels Camp,Calaveras,190,222,267,399,539
95685,Sutter Creek,Amador,250,305,366,448,536
92336,Fontana,San Bernardino,163,166,156,209,534
92887,Yorba Linda,Orange,108,234,243,314,533
92130,San Diego,San Diego,41,88,96,157,531
90222,Compton,Los Angeles,653,615,579,562,530
96103,Blairsden Graeagle,Plumas,218,264,308,423,530
95971,Quincy,Plumas,143,211,249,385,529
91766,Pomona,Los Angeles,447,429,402,421,526
93422,Atascadero,San Luis Obispo,85,107,177,261,525
92694,Ladera Ranch,Orange,16,28,51,125,522
93550,Palmdale,Los Angeles,169,191,199,233,522
91344,Granada Hills,Los Angeles,293,289,290,327,519
93602,Auberry,Fresno,473,457,479,497,519
91706,Baldwin Park,Los Angeles,556,508,472,480,515
93446,Paso Robles,San Luis Obispo,98,126,197,317,513
91351,Canyon Country,Los Angeles,120,148,147,221,511
93532,Lake Hughes,Los Angeles,210,288,377,429,511
96122,Portola,Plumas,181,229,263,383,511
95619,Diamond Springs,El Dorado,90,127,161,301,509
95965,Oroville,Butte,110,196,207,318,507
96001,Redding,Shasta,108,137,149,302,505
93021,Moorpark,Ventura,76,142,186,263,503
95650,Loomis,Placer,79,128,158,276,501
92536,Aguanga,Riverside,119,185,270,328,500
93907,Salinas,Monterey,94,126,280,386,499
91316,Encino,Los Angeles,110,144,155,194,495
96141,Homewood,Placer,104,155,203,318,494
93604,Bass Lake,Madera,171,251,379,416,490
91016,Monrovia,Los Angeles,302,291,279,331,489
94574,Saint Helena,Napa,100,171,296,414,483
91750,La Verne,Los Angeles,135,139,161,213,480
90805,Long Beach,Los Angeles,542,495,471,477,476
95746,Granite Bay,Placer,55,91,145,236,474
90006,Los Angeles,Los Angeles,513,491,456,455,472
95658,Newcastle,Placer,84,117,134,222,469
92322,Cedarpines Park,San Bernardino,357,459,481,491,467
93001,Ventura,Ventura,134,196,237,298,467
92673,San Clemente,Orange,27,32,47,119,458
91107,Pasadena,Los Angeles,259,272,257,282,457
95942,Forest Ranch,Butte,266,313,343,403,454
95457,Lower Lake,Lake,113,165,223,342,448
95461,Middletown,Lake,89,134,232,345,447
90650,Norwalk,Los Angeles,442,404,391,392,445
92339,Forest Falls,San Bernardino,297,343,398,424,445
96130,Susanville,Lassen,57,80,96,192,444
91335,Reseda,Los Angeles,367,349,339,360,441
92067,Rancho Santa Fe,San Diego,51,174,192,247,441
92392,Victorville,San Bernardino,104,112,104,158,441
92009,Carlsbad,San Diego,35,50,53,106,440
92677,Laguna Niguel,Orange,76,95,125,178,440
92880,Corona,Riverside,69,77,82,130,440
95728,Soda Springs,Nevada,136,196,292,341,439
90061,Los Angeles,Los Angeles,484,471,466,449,438
92069,San Marcos,San Diego,115,151,157,204,437
95476,Sonoma,Sonoma,36,51,129,218,437
90631,La Habra,Orange,200,256,270,315,434
92571,Perris,Riverside,155,159,161,203,430
95030,Los Gatos,Santa Clara,95,198,221,279,430
91377,Oak Park,Ventura,59,76,79,119,427
92886,Yorba Linda,Orange,59,89,89,135,423
96148,Tahoe Vista,Placer,90,169,228,342,423
92335,Fontana,San Bernardino,284,273,257,291,421
91748,Rowland Heights,Los Angeles,170,180,184,227,419
91702,Azusa,Los Angeles,297,290,278,307,418
91741,Glendora,Los Angeles,194,207,214,267,418
91773,San Dimas,Los Angeles,173,176,192,253,416
94507,Alamo,Contra Costa,26,39,59,110,415
94515,Calistoga,Napa,83,134,232,309,415
95255,West Point,Calaveras,304,363,352,377,414
91906,Campo,San Diego,129,158,237,320,413
91360,Thousand Oaks,Ventura,60,67,76,123,412
92590,Temecula,Riverside,102,152,265,347,408
91962,Pine Valley,San Diego,292,318,326,376,407
95070,Saratoga,Santa Clara,71,106,136,198,407
93908,Salinas,Monterey,156,197,252,308,405
92507,Riverside,Riverside,76,82,77,150,404
91789,Walnut,Los Angeles,179,172,181,217,403
90660,Pico Rivera,Los Angeles,454,438,399,399,402
92372,Pinon Hills,San Bernardino,61,87,156,249,398
92410,San Bernardino,San Bernardino,325,319,292,296,396
92126,San Diego,San Diego,46,62,76,120,395
95037,Morgan Hill,Santa Clara,111,139,166,239,395
91024,Sierra Madre,Los Angeles,347,327,307,326,394
92057,Oceanside,San Diego,19,26,51,109,391
93060,Santa Paula,Ventura,80,164,221,271,391
91340,San Fernando,Los Angeles,354,329,316,333,389
93103,Santa Barbara,Santa Barbara,105,132,192,250,388
92284,Yucca Valley,San Bernardino,95,102,67,161,387
93535,Lancaster,Los Angeles,125,139,135,180,386
94708,Berkeley,Alameda,70,106,140,181,386
91916,Descanso,San Diego,220,251,342,388,385
92506,Riverside,Riverside,38,42,58,103,385
95073,Soquel,Santa Cruz,48,129,155,203,383
91354,Valencia,Los Angeles,42,48,54,100,382
95311,Coulterville,Mariposa,229,288,330,343,376
95426,Cobb,Lake,75,96,202,283,373
96080,Red Bluff,Tehama,101,127,135,225,372
90007,Los Angeles,Los Angeles,454,433,414,371,370
93307,Bakersfield,Kern,286,285,257,233,370
94062,Redwood City,San Mateo,80,112,185,266,369
95689,Volcano,Amador,234,274,283,327,368
95249,San Andreas,Calaveras,95,139,179,278,367
90601,Whittier,Los Angeles,248,254,265,286,365
92881,Corona,Riverside,41,60,70,119,365
95245,Mokelumne Hill,Calaveras,178,216,270,339,364
95372,Soulsbyville,Tuolumne,209,241,265,316,364
92553,Moreno Valley,Riverside,117,122,117,153,363
95310,Columbia,Tuolumne,206,246,261,309,363
92543,Hemet,Riverside,64,76,85,125,359
95409,Santa Rosa,Sonoma,18,25,56,131,359
95975,Rough And Ready,Nevada,211,239,244,301,358
95453,Lakeport,Lake,34,51,84,153,357
92128,San Diego,San Diego,34,55,56,112,356
91732,El Monte,Los Angeles,335,302,298,304,354
91770,Rosemead,Los Angeles,295,286,295,316,354
92376,Rialto,San Bernardino,239,221,221,244,354
92561,Mountain Center,Riverside,107,154,213,264,354
92301,Adelanto,San Bernardino,96,98,96,147,353
92086,Warner Springs,San Diego,183,257,317,330,351
93205,Bodfish,Kern,160,221,244,308,349
92405,San Bernardino,San Bernardino,247,230,226,241,348
93426,Bradley,Monterey,219,250,297,304,348
93675,Yokuts,Fresno,38,64,161,256,343
90744,Wilmington,Los Angeles,403,367,346,338,342
91103,Pasadena,Los Angeles,280,279,277,310,342
90069,West Hollywood,Los Angeles,193,207,254,269,341
90004,Los Angeles,Los Angeles,359,334,308,322,339
95703,Applegate,Placer,163,251,267,311,339
92583,San Jacinto,Riverside,59,67,77,117,338
92025,Escondido,San Diego,57,87,127,187,337
92596,Winchester,Riverside,27,42,64,102,336
90270,Maywood,Los Angeles,373,359,347,340,332
90039,Los Angeles,Los Angeles,348,336,312,325,331
94965,Sausalito,Marin,277,299,300,299,331
92308,Apple Valley,San Bernardino,57,63,81,109,328
92548,Homeland,Riverside,55,88,115,158,328
90723,Paramount,Los Angeles,324,303,284,289,327
92504,Riverside,Riverside,69,75,84,126,327
94605,Oakland,Alameda,121,154,159,187,327
92024,Encinitas,San Diego,33,70,84,120,324
90250,Hawthorne,Los Angeles,352,324,296,298,322
91605,North Hollywood,Los Angeles,321,300,281,293,321
96019,Shasta Lake,Shasta,55,89,119,204,320
90027,Los Angeles,Los Angeles,232,250,243,280,319
90640,Montebello,Los Angeles,340,313,299,300,319
92808,Anaheim,Orange,12,29,39,71,318
92359,Mentone,San Bernardino,69,90,133,192,317
95472,Sebastopol,Sonoma,51,83,126,205,317
93012,Camarillo,Ventura,57,93,114,148,316
92807,Anaheim,Orange,43,66,73,114,314
95246,Mountain Ranch,Calaveras,136,177,224,280,313
93420,Arroyo Grande,San Luis Obispo,60,91,139,206,312
95329,La Grange,Tuolumne,122,142,184,257,312
91977,Spring Valley,San Diego,48,55,67,96,311
96094,Weed,Siskiyou,34,50,73,128,311
93601,Ahwahnee,Madera,107,141,206,239,308
95423,Clearlake Oaks,Lake,38,63,94,190,308
95437,Fort Bragg,Mendocino,51,60,94,143,305
96097,Yreka,Siskiyou,46,63,82,119,304
91367,Woodland Hills,Los Angeles,122,119,118,136,303
92105,San Diego,San Diego,210,198,178,179,303
92567,Nuevo,Riverside,51,85,119,165,303
93940,Monterey,Monterey,81,121,173,221,303
95445,Gualala,Mendocino,60,93,154,221,302
94526,Danville,Contra Costa,12,15,29,53,301
95065,Santa Cruz,Santa Cruz,44,70,90,131,301
92675,San Juan Capistrano,Orange,53,61,65,101,299
93619,Clovis,Fresno,50,66,112,195,296
92307,Apple Valley,San Bernardino,66,57,57,98,295
92672,San Clemente,Orange,25,29,46,94,294
91006,Arcadia,Los Angeles,150,145,136,175,293
91402,Panorama City,Los Angeles,255,245,240,235,292
94553,Martinez,Contra Costa,40,42,44,80,292
96025,Dunsmuir,Siskiyou,119,147,164,236,291
94552,Castro Valley,Alameda,61,75,105,144,290
96020,Chester,Plumas,126,162,152,229,287
95467,Hidden Valley Lake,Lake,36,68,147,219,286
91504,Burbank,Los Angeles,124,132,127,157,285
95389,Yosemite National Park,Mariposa,142,221,260,266,285
95664,Pilot Hill,El Dorado,147,223,220,255,285
93536,Lancaster,Los Angeles,97,107,106,143,284
94556,Moraga,Contra Costa,14,21,24,51,284
93117,Goleta,Santa Barbara,97,140,173,176,282
95669,Plymouth,Amador,88,123,143,214,282
92124,San Diego,San Diego,30,41,36,77,281
92618,Irvine,Orange,6,20,21,68,278
94508,Angwin,Napa,57,87,172,223,278
92305,Angelus Oaks,San Bernardino,205,223,245,262,276
91733,South El Monte,Los Angeles,273,263,251,266,274
91207,Glendale,Los Angeles,114,113,120,143,273
92003,Bonsall,San Diego,19,40,80,145,272
95635,Greenwood,El Dorado,177,205,232,239,272
90041,Los Angeles,Los Angeles,248,240,235,229,271
90304,Inglewood,Los Angeles,324,305,282,281,270
94937,Inverness,Marin,132,173,207,252,270
95436,Forestville,Sonoma,40,63,133,194,270
91739,Rancho Cucamonga,San Bernardino,59,78,84,135,269
95640,Ione,Amador,21,37,61,109,269
95701,Alta,Placer,181,205,215,233,267
91104,Pasadena,Los Angeles,236,215,219,213,266
93436,Lompoc,Santa Barbara,30,79,96,149,265
92337,Fontana,San Bernardino,97,103,97,134,264
93667,Tollhouse,Fresno,118,160,198,259,264
90704,Avalon,Los Angeles,95,135,202,256,263
91202,Glendale,Los Angeles,136,129,131,152,261
92657,Newport Coast,Orange,56,93,103,125,261
91010,Duarte,Los Angeles,189,171,161,170,260
91105,Pasadena,Los Angeles,125,144,171,204,260
92321,Cedar Glen,San Bernardino,160,230,233,261,260
90731,San Pedro,Los Angeles,244,221,209,229,259
95977,Smartsville,Nevada,119,143,167,213,259
90706,Bellflower,Los Angeles,250,237,222,218,258
94705,Berkeley,Alameda,46,69,98,108,258
95919,Brownsville,Yuba,149,184,206,225,258
95425,Cloverdale,Sonoma,61,77,111,165,257
92113,San Diego,San Diego,306,280,251,240,256
92119,San Diego,San Diego,20,30,35,72,256
90813,Long Beach,Los Angeles,278,265,255,250,252
90301,Inglewood,Los Angeles,281,272,250,252,250
91746,La Puente,Los Angeles,234,228,220,234,250
92505,Riverside,Riverside,51,51,50,89,250
92585,Sun City,Riverside,27,31,44,72,250
93306,Bakersfield,Kern,87,81,78,93,249
96051,Lakehead,Shasta,116,142,154,208,249
93308,Bakersfield,Kern,102,91,80,97,248
94803,El Sobrante,Contra Costa,33,35,48,78,248
91978,Spring Valley,San Diego,57,64,89,135,247
91343,North Hills,Los Angeles,195,192,186,209,246
91767,Pomona,Los Angeles,236,219,209,206,246
92120,San Diego,San Diego,49,61,65,98,246
91501,Burbank,Los Angeles,141,138,134,139,244
93003,Ventura,Ventura,24,41,47,80,244
94022,Los Altos,Santa Clara,40,49,83,109,243
95962,Oregon House,Yuba,122,148,172,210,243
90029,Los Angeles,Los Angeles,272,227,222,236,242
92411,San Bernardino,San Bernardino,223,214,205,206,242
95421,Cazadero,Sonoma,60,75,120,148,242
93304,Bakersfield,Kern,170,166,149,146,239
93428,Cambria,San Luis Obispo,50,77,129,170,239
90303,Inglewood,Los Angeles,230,222,199,198,238
96013,Burney,Shasta,38,61,77,134,238
91606,North Hollywood,Los Angeles,247,258,233,223,237
96021,Corning,Tehama,15,30,68,118,236
92395,Victorville,San Bernardino,93,100,97,103,235
92586,Sun City,Riverside,14,14,21,38,234
92316,Bloomington,San Bernardino,120,126,126,146,233
92374,Redlands,San Bernardino,54,57,66,92,233
90605,Whittier,Los Angeles,247,246,235,233,232
91711,Claremont,Los Angeles,95,105,104,134,232
93529,June Lake,Mono,130,140,164,196,232
92630,Lake Forest,Orange,22,25,27,58,230
93401,San Luis Obispo,San Luis Obispo,51,63,78,123,230
93552,Palmdale,Los Angeles,70,73,75,119,230
92061,Pauma Valley,San Diego,40,53,102,172,229
91737,Rancho Cucamonga,San Bernardino,84,90,97,124,228
92610,Foothill Ranch,Orange,16,35,49,83,228
92879,Corona,Riverside,73,76,82,107,228
93013,Carpinteria,Santa Barbara,40,98,144,169,228
95442,Glen Ellen,Sonoma,29,38,116,159,228
95973,Chico,Butte,72,85,94,122,225
96114,Janesville,Lassen,39,45,63,102,225
93283,Weldon,Kern,25,34,50,62,224
94619,Oakland,Alameda,88,85,98,124,224
92656,Aliso Viejo,Orange,38,42,41,75,223
92354,Loma Linda,San Bernardino,29,36,39,65,222
94707,Berkeley,Alameda,14,18,22,28,222
94028,Portola Valley,San Mateo,44,57,72,120,221
95020,Gilroy,Santa Clara,25,45,64,98,221
90806,Long Beach,Los Angeles,230,224,214,214,220
92551,Moreno Valley,Riverside,66,63,57,74,220
93238,Kernville,Kern,45,65,82,123,219
93260,Posey,Tulare,139,177,202,218,219
95542,Garberville,Humboldt,180,209,204,237,219
92508,Riverside,Riverside,26,23,25,56,218
95470,Redwood Valley,Mendocino,68,78,87,130,218
95573,Willow Creek,Humboldt,75,108,126,161,218
96091,Trinity Center,Trinity,142,166,160,166,218
91914,Chula Vista,San Diego,14,20,31,67,217
93022,Oak View,Ventura,23,31,54,96,217
95531,Crescent City,Del Norte,22,31,50,87,216
93305,Bakersfield,Kern,146,148,141,127,214
92358,Lytle Creek,San Bernardino,164,175,180,204,213
94534,Fairfield,Solano,15,21,41,94,213
95462,Monte Rio,Sonoma,38,47,91,157,213
93518,Caliente,Kern,66,96,118,169,212
94044,Pacifica,San Mateo,57,73,85,107,212
92821,Brea,Orange,56,71,73,102,211
90302,Inglewood,Los Angeles,238,225,214,214,210
92037,La Jolla,San Diego,55,63,69,94,210
93111,Santa Barbara,Santa Barbara,42,50,67,84,210
91306,Winnetka,Los Angeles,163,154,148,160,209
95629,Fiddletown,Amador,100,147,155,178,209
90008,Los Angeles,Los Angeles,230,211,198,198,208
95458,Lucerne,Lake,21,55,73,115,208
93257,Porterville,Tulare,40,46,65,91,207
94530,El Cerrito,Contra Costa,19,27,30,49,207
90810,Long Beach,Los Angeles,217,200,193,188,206
92394,Victorville,San Bernardino,71,63,62,79,205
93405,San Luis Obispo,San Luis Obispo,35,57,49,92,204
90745,Carson,Los Angeles,207,185,163,169,202
91030,South Pasadena,Los Angeles,130,126,120,144,202
91406,Van Nuys,Los Angeles,198,186,177,171,202
91761,Ontario,San Bernardino,85,81,80,102,202
91784,Upland,San Bernardino,63,75,88,113,202
91905,Boulevard,San Diego,72,94,114,149,201
91752,Mira Loma,Riverside,70,74,76,99,199
95901,Marysville,Yuba,28,42,48,91,199
91801,Alhambra,Los Angeles,187,173,163,175,198
90746,Carson,Los Angeles,140,148,148,156,197
95497,The Sea Ranch,Sonoma,36,47,76,113,197
92154,San Diego,San Diego,25,32,36,49,196
90247,Gardena,Los Angeles,208,201,183,189,195
90606,Whittier,Los Angeles,234,219,207,207,195
92860,Norco,Riverside,40,30,31,52,195
93015,Fillmore,Ventura,51,79,133,149,195
95928,Chico,Butte,54,62,63,115,195
91768,Pomona,Los Angeles,212,195,181,176,193
92240,Desert Hot Springs,Riverside,55,51,48,69,193
96052,Lewiston,Trinity,114,130,137,165,193
91731,El Monte,Los Angeles,172,167,163,171,192
91791,West Covina,Los Angeles,119,105,106,115,192
95503,Eureka,Humboldt,18,25,47,89,192
91701,Rancho Cucamonga,San Bernardino,45,44,57,88,190
94010,Burlingame,San Mateo,28,31,50,79,190
94566,Pleasanton,Alameda,9,10,14,28,189
94601,Oakland,Alameda,151,136,131,132,186
95403,Santa Rosa,Sonoma,14,38,70,98,186
92056,Oceanside,San Diego,11,14,18,36,185
92102,San Diego,San Diego,197,183,164,157,185
92252,Joshua Tree,San Bernardino,45,45,53,84,185
95032,Los Gatos,Santa Clara,40,53,64,94,185
91790,West Covina,Los Angeles,179,167,153,145,182
92116,San Diego,San Diego,77,78,77,97,182
94583,San Ramon,Contra Costa,13,28,35,64,182
91710,Chino,San Bernardino,80,87,78,105,181
93543,Littlerock,Los Angeles,57,55,56,99,181
92378,Rimforest,San Bernardino,117,139,151,171,180
92683,Westminster,Orange,18,17,22,38,179
94930,Fairfax,Marin,25,36,56,89,179
95120,San Jose,Santa Clara,18,21,31,74,179
96120,Markleeville,Alpine,99,115,137,162,179
91762,Ontario,San Bernardino,77,72,66,90,178
96002,Redding,Shasta,14,20,37,77,178
93207,California Hot Springs,Tulare,110,150,160,173,173
91776,San Gabriel,Los Angeles,152,128,132,145,172
91405,Van Nuys,Los Angeles,164,150,148,157,171
90602,Whittier,Los Angeles,158,149,144,144,170
91201,Glendale,Los Angeles,106,100,95,104,170
95918,Browns Valley,Yuba,31,48,73,111,170
90242,Downey,Los Angeles,170,164,152,151,167
92058,Oceanside,San Diego,6,13,18,33,166
94602,Oakland,Alameda,49,67,69,75,166
94112,San Francisco,San Francisco,32,32,26,32,165
95935,Dobbins,Yuba,81,99,119,141,165
92704,Santa Ana,Orange,84,82,80,87,163
93110,Santa Barbara,Santa Barbara,15,24,40,54,163
93453,Santa Margarita,San Luis Obispo,74,110,114,144,163
91401,Van Nuys,Los Angeles,128,117,109,116,162
95519,Mckinleyville,Humboldt,12,20,29,74,162
91803,Alhambra,Los Angeles,141,133,126,127,161
92603,Irvine,Orange,13,17,20,34,161
95648,Lincoln,Placer,22,42,45,80,161
91764,Ontario,San Bernardino,83,88,83,100,160
92277,Twentynine Palms,San Bernardino,39,55,42,70,160
93626,Friant,Fresno,40,48,70,86,160
95464,Nice,Lake,14,31,46,81,159
96093,Weaverville,Trinity,34,59,63,108,159
94517,Clayton,Contra Costa,6,7,31,55,158
94901,San Rafael,Marin,17,23,25,60,158
90040,Los Angeles,Los Angeles,177,170,167,158,157
90275,Rancho Palos Verdes,Los Angeles,60,60,58,68,157
92620,Irvine,Orange,13,18,19,45,157
93460,Santa Ynez,Santa Barbara,36,72,116,143,157
95257,Wilseyville,Calaveras,111,138,157,157,157
91724,Covina,Los Angeles,115,114,111,123,156
92582,San Jacinto,Riverside,38,40,61,78,156
93243,Lebec,Kern,55,64,85,115,156
96057,Mccloud,Siskiyou,67,84,87,119,156
93534,Lancaster,Los Angeles,59,54,51,78,155
94024,Los Altos,Santa Clara,28,45,64,90,155
95469,Potter Valley,Mendocino,72,91,95,133,155
92117,San Diego,San Diego,29,29,29,42,154
92115,San Diego,San Diego,41,39,41,55,153
92591,Temecula,Riverside,14,20,38,50,153
92692,Mission Viejo,Orange,27,31,24,42,153
95364,Pinecrest,Alpine,95,96,118,126,152
95563,Salyer,Trinity,97,114,112,117,152
91325,Northridge,Los Angeles,96,103,98,108,151
95251,Vallecito,Calaveras,71,108,113,136,150
95345,Midpines,Mariposa,84,98,112,123,150
96125,Sierra City,Sierra,77,96,115,134,150
92114,San Diego,San Diego,118,104,93,100,149
93651,Prather,Fresno,61,80,80,120,149
92377,Rialto,San Bernardino,42,43,42,61,147
92264,Palm Springs,Riverside,10,10,14,26,146
95720,Kyburz,El Dorado,128,145,140,152,146
95485,Upper Lake,Lake,42,56,64,102,145
95454,Laytonville,Mendocino,100,120,134,140,143
95630,Folsom,Sacramento,4,8,6,22,143
91780,Temple City,Los Angeles,101,96,87,99,142
94567,Pope Valley,Napa,94,112,140,150,142
96024,Douglas City,Trinity,81,105,106,122,142
90291,Venice,Los Angeles,139,130,122,126,141
94621,Oakland,Alameda,107,100,95,94,141
90260,Lawndale,Los Angeles,155,145,136,130,140
91345,Mission Hills,Los Angeles,112,104,97,109,139
91913,Chula Vista,San Diego,8,12,17,35,139
91007,Arcadia,Los Angeles,74,74,72,85,138
91759,Mount Baldy,San Bernardino,111,104,118,130,138
91915,Chula Vista,San Diego,7,6,10,17,138
92256,Morongo Valley,San Bernardino,40,35,39,66,138
92313,Grand Terrace,San Bernardino,18,25,22,44,138
95589,Whitethorn,Humboldt,64,79,72,100,138
92234,Cathedral City,Riverside,30,24,21,23,137
92317,Blue Jay,San Bernardino,100,117,125,129,136
96027,Etna,Siskiyou,29,58,62,92,136
95521,Arcata,Humboldt,22,37,44,68,135
91722,Covina,Los Angeles,126,120,109,112,134
92111,San Diego,San Diego,24,24,24,28,134
95636,Grizzly Flats,El Dorado,128,177,105,98,134
90274,Palos Verdes Peninsula,Los Angeles,38,41,49,76,133
93555,Ridgecrest,Kern,27,20,17,30,133
95205,Stockton,San Joaquin,111,111,105,101,133
96008,Bella Vista,Shasta,40,57,66,84,133
91601,North Hollywood,Los Angeles,141,137,129,127,131
92311,Barstow,San Bernardino,48,45,50,54,131
93634,Lakeshore,Fresno,0,0,120,115,131
91910,Chula Vista,San Diego,18,23,15,33,130
93514,Bishop,Inyo,19,21,30,49,130
94588,Pleasanton,Alameda,5,8,21,38,130
95456,Little River,Mendocino,17,26,44,69,130
90241,Downey,Los Angeles,132,123,116,120,129
93930,King City,Monterey,17,27,40,43,129
96032,Fort Jones,Siskiyou,52,62,73,92,129
90240,Downey,Los Angeles,118,114,111,107,128
94595,Walnut Creek,Contra Costa,9,21,25,41,128
92060,Palomar Mountain,San Diego,0,0,91,106,127
92103,San Diego,San Diego,68,54,56,73,127
92243,El Centro,Imperial,83,83,86,88,127
94551,Livermore,Alameda,13,13,15,27,127
94960,San Anselmo,Marin,10,15,20,44,127
92231,Calexico,Imperial,106,91,87,91,126
92070,Santa Ysabel,San Diego,53,84,114,127,125
94565,Pittsburg,Contra Costa,64,62,43,51,125
94952,Petaluma,Sonoma,17,15,43,76,125
95441,Geyserville,Sonoma,34,43,83,112,125
93449,Pismo Beach,San Luis Obispo,11,9,13,28,124
94903,San Rafael,Marin,6,6,16,25,124
94947,Novato,Marin,6,6,18,36,124
95554,Myers Flat,Humboldt,76,98,97,114,124
95981,Strawberry Valley,Yuba,83,100,182,213,124
91008,Duarte,Los Angeles,90,96,90,101,123
92703,Santa Ana,Orange,93,93,89,91,123
92705,Santa Ana,Orange,22,38,38,58,123
92014,Del Mar,San Diego,12,16,26,43,122
94542,Hayward,Alameda,21,30,30,42,122
94546,Castro Valley,Alameda,19,18,16,35,121
90804,Long Beach,Los Angeles,130,122,114,121,120
93920,Big Sur,Monterey,70,96,108,116,120
91754,Monterey Park,Los Angeles,100,99,92,102,119
92241,Desert Hot Springs,Riverside,16,16,21,34,119
93010,Camarillo,Ventura,15,30,36,46,119
95014,Cupertino,Santa Clara,19,29,74,51,119
95688,Vacaville,Solano,12,14,26,47,119
95460,Mendocino,Mendocino,26,33,46,60,118
92385,Skyforest,San Bernardino,66,87,98,105,117
93953,Pebble Beach,Monterey,27,39,59,70,117
94019,Half Moon Bay,San Mateo,27,50,57,82,117
96064,Montague,Siskiyou,15,26,48,66,117
92602,Irvine,Orange,7,17,18,31,116
92823,Brea,Orange,41,50,56,64,116
93455,Santa Maria,Santa Barbara,6,9,15,39,116
95306,Catheys Valley,Mariposa,15,38,62,65,116
94541,Hayward,Alameda,73,63,66,74,115
96041,Hayfork,Trinity,67,88,89,97,115
90038,Los Angeles,Los Angeles,125,112,106,101,114
90305,Inglewood,Los Angeles,116,104,99,95,114
92020,El Cajon,San Diego,11,12,13,25,114
92867,Orange,Orange,8,9,13,35,114
95127,San Jose,Santa Clara,49,52,52,61,114
90501,Torrance,Los Angeles,98,101,95,95,113
92260,Palm Desert,Riverside,15,12,19,24,113
95651,Lotus,El Dorado,50,63,64,89,113
95735,Twin Bridges,El Dorado,80,115,83,100,113
91740,Glendora,Los Angeles,58,51,55,64,112
94618,Oakland,Alameda,13,12,11,19,112
95560,Redway,Humboldt,55,83,101,111,112
91792,West Covina,Los Angeles,80,69,59,70,111
91911,Chula Vista,San Diego,15,16,15,24,111
93465,Templeton,San Luis Obispo,9,20,37,61,111
93628,Hume,Fresno,49,58,72,99,111
96106,Clio,Plumas,58,68,80,100,111
94606,Oakland,Alameda,69,61,61,54,110
94945,Novato,Marin,3,16,22,41,110
95916,Berry Creek,Butte,177,82,69,95,110
90638,La Mirada,Los Angeles,74,65,64,76,109
91205,Glendale,Los Angeles,112,102,96,95,109
92356,Lucerne Valley,San Bernardino,37,48,56,63,109
93669,Wishon,Madera,85,101,110,111,109
95007,Brookdale,Santa Cruz,0,0,0,0,109
96073,Palo Cedro,Shasta,34,38,51,76,109
92225,Blythe,Riverside,16,18,22,38,108
92707,Santa Ana,Orange,91,83,75,74,108
94110,San Francisco,San Francisco,65,61,52,48,108
95206,Stockton,San Joaquin,92,89,84,87,108
91355,Valencia,Los Angeles,10,10,10,19,107
93531,Keene,Kern,71,86,78,80,107
91786,Upland,San Bernardino,41,39,38,49,105
93066,Somis,Ventura,10,54,59,73,105
93702,Fresno,Fresno,79,71,91,70,105
94806,San Pablo,Contra Costa,64,58,59,61,105
95960,North San Juan,Nevada,85,88,103,103,105
91755,Monterey Park,Los Angeles,64,64,62,76,104
94501,Alameda,Alameda,80,80,75,78,104
92230,Cabazon,Riverside,12,14,37,62,103
92869,Orange,Orange,23,22,28,34,103
90604,Whittier,Los Angeles,99,102,96,103,102
93424,Avila Beach,San Luis Obispo,0,0,22,53,102
95004,Aromas,Monterey,11,21,30,54,102
94020,La Honda,San Mateo,45,59,81,92,101
94804,Richmond,Contra Costa,51,55,46,54,101
94949,Novato,Marin,3,10,19,25,101
93454,Santa Maria,Santa Barbara,35,48,64,73,100
95714,Dutch Flat,Placer,69,70,75,84,100
90048,Los Angeles,Los Angeles,79,75,63,62,99
93309,Bakersfield,Kern,36,31,29,38,99
93653,Raymond,Madera,28,57,64,76,99
94568,Dublin,Alameda,2,5,7,15,99
95023,Hollister,San Benito,25,47,39,46,99
95930,Clipper Mills,Butte,0,0,0,0,99
90710,Harbor City,Los Angeles,58,58,58,64,98
92408,San Bernardino,San Bernardino,76,72,67,64,98
93706,Fresno,Fresno,63,56,68,65,98
94801,Richmond,Contra Costa,76,80,68,70,98
95922,Camptonville,Yuba,63,81,81,92,98
91108,San Marino,Los Angeles,55,51,57,58,97
92262,Palm Springs,Riverside,16,16,17,28,97
93463,Solvang,Santa Barbara,7,15,21,47,97
93560,Rosamond,Kern,19,17,23,31,97
94060,Pescadero,San Mateo,37,58,82,95,97
90036,Los Angeles,Los Angeles,68,63,67,77,96
90703,Cerritos,Los Angeles,62,57,46,59,96
92010,Carlsbad,San Diego,7,10,12,25,96
92054,Oceanside,San Diego,11,12,13,30,96
93033,Oxnard,Ventura,20,27,24,42,96
95450,Jenner,Sonoma,37,50,80,91,96
96096,Whitmore,Shasta,48,68,56,78,96
91505,Burbank,Los Angeles,78,74,66,69,95
91763,Montclair,San Bernardino,50,50,50,60,95
92011,Carlsbad,San Diego,5,14,12,16,95
93101,Santa Barbara,Santa Barbara,18,23,24,38,95
96065,Montgomery Creek,Shasta,40,59,67,74,95
90005,Los Angeles,Los Angeles,73,77,68,68,94
95947,Greenville,Plumas,43,60,52,67,93
96101,Alturas,Modoc,13,16,23,33,93
93517,Bridgeport,Mono,26,35,42,65,92
94608,Emeryville,Alameda,83,66,63,70,92
95570,Trinidad,Humboldt,9,14,23,53,92
90066,Los Angeles,Los Angeles,72,73,63,66,91
90802,Long Beach,Los Angeles,65,60,55,59,91
91324,Northridge,Los Angeles,68,63,59,65,91
92104,San Diego,San Diego,71,66,66,68,91
94805,Richmond,Contra Costa,19,25,23,41,91
95465,Occidental,Sonoma,9,17,59,86,91
95543,Gasquet,Del Norte,34,83,85,94,91
96061,Mill Creek,Tehama,52,53,64,86,91
90034,Los Angeles,Los Angeles,106,94,92,89,90
90249,Gardena,Los Angeles,90,75,71,71,90
93505,California City,Kern,27,23,23,37,90
93638,Madera,Madera,14,14,28,50,90
96069,Oak Run,Shasta,48,55,55,71,90
90402,Santa Monica,Los Angeles,25,26,27,39,89
92701,Santa Ana,Orange,77,67,63,66,89
91106,Pasadena,Los Angeles,73,69,69,72,88
91941,La Mesa,San Diego,14,16,22,29,88
94523,Pleasant Hill,Contra Costa,12,11,10,19,88
95936,Downieville,Sierra,57,69,77,84,88
90012,Los Angeles,Los Angeles,70,79,69,74,87
91730,Rancho Cucamonga,San Bernardino,44,38,37,41,87
92091,Rancho Santa Fe,San Diego,20,32,43,50,87
93313,Bakersfield,Kern,30,32,28,35,87
94070,San Carlos,San Mateo,9,16,22,46,87
96047,Igo,Shasta,23,37,33,57,87
91303,Canoga Park,Los Angeles,75,80,75,76,86
93402,Los Osos,San Luis Obispo,11,22,32,49,86
94904,Greenbrae,Marin,14,33,32,42,86
94939,Larkspur,Marin,10,14,25,34,86
95112,San Jose,Santa Clara,92,81,70,54,86
95540,Fortuna,Humboldt,11,21,23,40,86
95663,Penryn,Placer,9,16,16,39,86
92201,Indio,Riverside,28,28,26,28,85
94925,Corte Madera,Marin,14,21,30,41,85
92059,Pala,San Diego,126,150,71,87,84
94577,San Leandro,Alameda,25,28,18,20,84
96124,Calpine,Sierra,29,45,55,62,84
92285,Landers,San Bernardino,56,55,56,69,82
95407,Santa Rosa,Sonoma,13,22,22,45,82
92081,Vista,San Diego,8,16,20,28,81
92122,San Diego,San Diego,9,12,10,19,81
92227,Brawley,Imperial,24,25,23,27,81
92833,Fullerton,Orange,24,25,23,36,81
93268,Taft,Kern,42,35,34,36,81
94014,Daly City,San Mateo,7,12,11,22,81
94122,San Francisco,San Francisco,19,17,15,21,81
95466,Philo,Mendocino,13,30,42,66,81
90024,Los Angeles,Los Angeles,34,31,32,39,80
92653,Laguna Hills,Orange,17,15,15,25,80
94513,Brentwood,Contra Costa,27,17,21,32,80
92008,Carlsbad,San Diego,13,19,22,29,79
92270,Rancho Mirage,Riverside,12,10,10,20,79
90015,Los Angeles,Los Angeles,68,64,76,78,78
92804,Anaheim,Orange,23,20,19,34,78
94509,Antioch,Contra Costa,35,37,32,30,78
96039,Happy Camp,Siskiyou,50,50,58,65,78
90715,Lakewood,Los Angeles,81,75,67,73,77
90716,Hawaiian Gardens,Los Angeles,89,87,79,80,77
91963,Potrero,San Diego,40,47,57,68,77
93633,Kings Canyon National Pk,Fresno,42,52,61,68,77
94603,Oakland,Alameda,88,78,71,67,77
94703,Berkeley,Alameda,28,27,27,37,77
95405,Santa Rosa,Sonoma,4,4,6,26,77
90701,Artesia,Los Angeles,73,72,70,65,76
91917,Dulzura,San Diego,46,56,63,68,76
94607,Oakland,Alameda,77,67,60,66,76
95415,Boonville,Mendocino,15,34,32,48,76
95452,Kenwood,Sonoma,8,5,26,41,76
96028,Fall River Mills,Shasta,7,11,22,41,76
96063,Mineral,Plumas,25,46,55,62,76
90035,Los Angeles,Los Angeles,61,58,60,52,75
91775,San Gabriel,Los Angeles,52,43,43,52,75
92282,Whitewater,Riverside,35,39,41,51,75
93636,Madera,Madera,3,13,14,35,74
94066,San Bruno,San Mateo,5,4,4,13,74
94586,Sunol,Alameda,28,27,39,47,74
95941,Forbestown,Butte,56,67,69,72,74
90803,Long Beach,Los Angeles,24,24,25,29,73
92805,Anaheim,Orange,22,28,29,28,73
93623,Fish Camp,Mariposa,48,59,69,71,73
93657,Sanger,Fresno,22,27,35,48,73
95041,Mount Hermon,Santa Cruz,0,0,0,0,73
95148,San Jose,Santa Clara,10,8,10,13,73
95715,Emigrant Gap,Placer,57,68,71,80,73
95956,Meadow Valley,Plumas,33,44,55,66,73
91931,Guatay,San Diego,0,0,0,0,72
93432,Creston,San Luis Obispo,30,50,49,58,72
93444,Nipomo,San Luis Obispo,16,23,23,33,72
93927,Greenfield,Monterey,24,35,60,71,72
94591,Vallejo,Solano,26,28,27,35,72
95914,Bangor,Butte,13,27,42,63,72
92660,Newport Beach,Orange,10,12,17,28,71
93553,Pearblossom,Los Angeles,16,18,20,40,71
95410,Albion,Mendocino,19,28,39,54,71
95492,Windsor,Sonoma,8,11,13,26,71
90230,Culver City,Los Angeles,54,50,51,54,70
91506,Burbank,Los Angeles,45,43,47,52,70
93640,Mendota,Fresno,6,12,8,11,70
94544,Hayward,Alameda,18,16,14,19,70
94564,Pinole,Contra Costa,6,5,4,15,70
94609,Oakland,Alameda,46,43,39,43,70
92075,Solana Beach,San Diego,2,7,7,16,69
92253,La Quinta,Riverside,14,10,11,15,69
92691,Mission Viejo,Orange,16,12,11,18,69
94597,Walnut Creek,Contra Costa,11,11,13,20,69
90603,Whittier,Los Angeles,33,43,42,49,68
91411,Van Nuys,Los Angeles,55,56,47,47,68
91902,Bonita,San Diego,27,19,22,33,68
92501,Riverside,Riverside,29,30,28,43,68
92782,Tustin,Orange,5,11,14,22,68
92801,Anaheim,Orange,26,24,22,29,68
93203,Arvin,Kern,22,22,24,30,68
93274,Tulare,Tulare,11,11,30,18,68
93451,San Miguel,San Luis Obispo,12,22,38,48,68
94590,Vallejo,Solano,38,37,38,50,68
95527,Burnt Ranch,Trinity,42,54,58,63,68
90807,Long Beach,Los Angeles,64,60,54,49,67
94704,Berkeley,Alameda,15,19,22,33,67
95203,Stockton,San Joaquin,60,53,52,51,67
96118,Loyalton,Sierra,18,17,23,34,67
91020,Montrose,Los Angeles,25,27,29,37,66
93291,Visalia,Tulare,3,7,39,20,66
93427,Buellton,Santa Barbara,2,12,39,39,66
94134,San Francisco,San Francisco,18,17,14,14,66
95923,Canyon Dam,Plumas,34,47,46,58,66
96071,Old Station,Shasta,27,38,44,51,66
91950,National City,San Diego,35,26,22,25,65
92107,San Diego,San Diego,42,40,42,45,65
93230,Hanford,Kings,5,5,16,17,65
93312,Bakersfield,Kern,10,17,15,22,65
92109,San Diego,San Diego,36,32,29,33,64
92708,Fountain Valley,Orange,14,15,12,18,64
94954,Petaluma,Sonoma,1,3,18,24,64
95449,Hopland,Mendocino,12,18,26,61,64
90064,Los Angeles,Los Angeles,54,53,46,45,63
90717,Lomita,Los Angeles,65,61,58,57,63
94402,San Mateo,San Mateo,4,8,13,23,63
95838,Sacramento,Sacramento,60,45,40,39,63
96016,Cassel,Shasta,10,14,18,28,63
93591,Palmdale,Los Angeles,24,22,25,37,62
94124,San Francisco,San Francisco,36,32,32,35,62
92121,San Diego,San Diego,6,9,12,18,61
92123,San Diego,San Diego,9,10,10,22,61
93301,Bakersfield,Kern,37,31,26,30,61
95215,Stockton,San Joaquin,48,35,36,32,61
90057,Los Angeles,Los Angeles,75,67,72,73,60
90405,Santa Monica,Los Angeles,51,50,51,57,60
93004,Ventura,Ventura,3,9,14,22,60
94121,San Francisco,San Francisco,9,11,12,15,60
94559,Napa,Napa,6,13,27,35,60
92083,Vista,San Diego,11,14,14,26,59
92268,Pioneertown,San Bernardino,0,0,31,53,59
94536,Fremont,Alameda,10,9,11,19,59
94539,Fremont,Alameda,4,3,8,17,59
91607,Valley Village,Los Angeles,40,36,39,32,58
94610,Oakland,Alameda,15,13,15,23,58
96048,Junction City,Trinity,33,41,39,48,58
90025,Los Angeles,Los Angeles,48,47,42,39,57
93603,Badger,Tulare,30,42,55,61,57
95318,El Portal,Mariposa,24,29,44,49,57
95721,Echo Lake,El Dorado,49,70,56,57,57
95724,Norden,Placer,14,21,29,32,57
90277,Redondo Beach,Los Angeles,42,42,39,43,56
90502,Torrance,Los Angeles,43,44,43,42,56
93641,Miramonte,Fresno,33,47,54,64,56
94030,Millbrae,San Mateo,3,5,6,17,56
94114,San Francisco,San Francisco,11,13,12,16,56
94118,San Francisco,San Francisco,15,17,19,19,56
94521,Concord,Contra Costa,5,6,5,17,56
91602,North Hollywood,Los Angeles,19,19,20,27,55
93544,Llano,Los Angeles,25,30,32,38,55
94002,Belmont,San Mateo,7,9,13,18,55
94131,San Francisco,San Francisco,17,14,13,19,55
94531,Antioch,Contra Costa,8,6,5,10,55
94533,Fairfield,Solano,12,6,6,20,55
95552,Mad River,Trinity,36,43,45,53,55
93208,Camp Nelson,Tulare,0,0,0,0,54
94116,San Francisco,San Francisco,9,10,11,11,54
94951,Penngrove,Sonoma,4,8,14,29,54
95459,Manchester,Mendocino,15,19,24,34,54
96087,Shasta,Shasta,4,10,20,30,54
90621,Buena Park,Orange,30,22,19,26,53
90712,Lakewood,Los Angeles,44,37,32,42,53
91101,Pasadena,Los Angeles,39,35,37,49,53
93501,Mojave,Kern,17,19,17,19,53
94587,Union City,Alameda,8,8,5,7,53
95045,San Juan Bautista,San Benito,16,24,27,30,53
95526,Bridgeville,Trinity,38,46,47,57,53
90248,Gardena,Los Angeles,44,39,43,44,52
92274,Thermal,Riverside,16,15,17,24,52
92637,Laguna Woods,Orange,3,3,2,7,52
92646,Huntington Beach,Orange,7,12,13,17,52
93722,Fresno,Fresno,26,20,21,26,52
94528,Diablo,Contra Costa,3,4,7,13,52
94547,Hercules,Contra Costa,2,2,3,8,52
94973,Woodacre,Marin,23,28,34,54,52
95043,Paicines,San Benito,13,27,39,54,52
96062,Millville,Shasta,16,22,25,38,52
90266,Manhattan Beach,Los Angeles,29,25,29,32,51
90620,Buena Park,Orange,21,22,15,26,51
91204,Glendale,Los Angeles,51,49,41,45,51
92629,Dana Point,Orange,7,7,13,22,51
93215,Delano,Kern,27,33,27,38,51
94127,San Francisco,San Francisco,6,4,4,6,51
94956,Point Reyes Station,Marin,14,25,35,48,51
95232,Glencoe,Calaveras,23,25,39,49,51
95828,Sacramento,Sacramento,7,6,6,11,51
96056,Mcarthur,Lassen,6,14,18,55,51
90211,Beverly Hills,Los Angeles,35,32,30,35,50
93527,Inyokern,Kern,22,23,27,28,50
93727,Fresno,Fresno,15,15,16,19,50
93933,Marina,Monterey,3,1,1,22,50
94550,Livermore,Alameda,27,27,33,41,50
94596,Walnut Creek,Contra Costa,9,10,9,10,50
94920,Belvedere Tiburon,Marin,12,16,14,23,50
95111,San Jose,Santa Clara,22,20,22,25,50
95501,Eureka,Humboldt,8,9,7,18,50
90814,Long Beach,Los Angeles,39,35,30,30,49
94510,Benicia,Solano,3,4,4,8,49
94702,Berkeley,Alameda,18,18,17,19,49
94933,Forest Knolls,Marin,19,24,29,46,49
95035,Milpitas,Santa Clara,3,4,5,6,49
95549,Kneeland,Humboldt,12,16,27,33,49
91723,Covina,Los Angeles,37,31,32,33,48
92870,Placentia,Orange,15,11,15,26,48
93067,Summerland,Santa Barbara,1,7,9,17,48
93441,Los Olivos,Santa Barbara,21,43,50,47,48
93442,Morro Bay,San Luis Obispo,5,6,17,23,48
94117,San Francisco,San Francisco,26,24,20,26,48
94525,Crockett,Contra Costa,9,12,8,16,48
94561,Oakley,Contra Costa,60,60,41,41,48
94923,Bodega Bay,Sonoma,16,16,24,31,48
90670,Santa Fe Springs,Los Angeles,44,43,41,47,47
92004,Borrego Springs,San Diego,12,19,21,21,47
93036,Oxnard,Ventura,15,19,17,28,47
95204,Stockton,San Joaquin,30,26,28,34,47
95717,Gold Run,Placer,30,35,40,40,47
92840,Garden Grove,Orange,8,7,5,10,46
93728,Fresno,Fresno,33,30,35,28,46
94598,Walnut Creek,Contra Costa,14,12,9,21,46
94706,Albany,Alameda,6,9,7,13,46
95122,San Jose,Santa Clara,31,30,31,26,46
95694,Winters,Yolo,4,11,23,31,46
95925,Challenge,Yuba,93,119,39,40,46
96044,Hornbrook,Siskiyou,10,16,19,33,46
91203,Glendale,Los Angeles,42,36,30,36,45
92108,San Diego,San Diego,2,3,5,5,45
92276,Thousand Palms,Riverside,20,23,21,23,45
93725,Fresno,Fresno,24,26,30,37,45
94025,Menlo Park,San Mateo,8,9,11,17,45
94582,San Ramon,Contra Costa,2,1,0,11,45
95361,Oakdale,Stanislaus,13,17,18,29,45
95428,Covelo,Mendocino,38,40,36,45,45
95494,Yorkville,Mendocino,11,21,30,44,45
95528,Carlotta,Humboldt,11,15,24,28,45
91942,La Mesa,San Diego,5,4,7,6,44
92342,Helendale,San Bernardino,13,14,13,18,44
92363,Needles,San Bernardino,11,12,10,19,44
92843,Garden Grove,Orange,10,8,7,11,44
93458,Santa Maria,Santa Barbara,2,2,2,0,44
93645,O Neals,Madera,20,22,30,30,44
95116,San Jose,Santa Clara,78,72,51,33,44
90058,Los Angeles,Los Angeles,53,53,51,47,43
90278,Redondo Beach,Los Angeles,31,26,28,34,43
92841,Garden Grove,Orange,2,2,4,6,43
94938,Lagunitas,Marin,9,16,22,26,43
95046,San Martin,Santa Clara,1,4,5,24,43
95351,Modesto,Stanislaus,10,7,9,15,43
90404,Santa Monica,Los Angeles,30,33,31,30,42
90630,Cypress,Orange,29,23,22,26,42
90732,San Pedro,Los Angeles,21,17,16,17,42
92139,San Diego,San Diego,21,20,22,24,42
92203,Indio,Riverside,9,8,10,13,42
93109,Santa Barbara,Santa Barbara,9,11,10,19,42
93622,Firebaugh,Fresno,8,8,7,11,42
95225,Burson,Calaveras,0,0,0,0,42
95468,Point Arena,Mendocino,4,7,17,23,42
95677,Rocklin,Placer,2,2,3,9,42
90232,Culver City,Los Angeles,45,42,37,41,41
92101,San Diego,San Diego,18,16,16,20,41
92110,San Diego,San Diego,26,22,22,24,41
92831,Fullerton,Orange,12,12,12,21,41
93440,Los Alamos,Santa Barbara,4,12,14,28,41
94080,South San Francisco,San Mateo,2,2,4,10,41
95138,San Jose,Santa Clara,5,4,7,10,41
95525,Blue Lake,Humboldt,23,22,25,29,41
95815,Sacramento,Sacramento,70,29,28,27,41
96126,Sierraville,Sierra,6,10,12,22,41
90020,Los Angeles,Los Angeles,28,21,24,26,40
91945,Lemon Grove,San Diego,16,16,12,17,40
92604,Irvine,Orange,1,1,4,10,40
92780,Tustin,Orange,7,8,3,6,40
95121,San Jose,Santa Clara,13,11,12,10,40
95123,San Jose,Santa Clara,7,6,6,11,40
95601,Amador City,Amador,0,0,0,0,40
96033,French Gulch,Shasta,7,10,15,27,40
92211,Palm Desert,Riverside,2,3,2,4,39
93541,Lee Vining,Mono,10,12,29,38,39
94027,Atherton,San Mateo,5,9,5,15,39
94123,San Francisco,San Francisco,11,11,15,17,39
95363,Patterson,Stanislaus,1,1,8,12,39
95820,Sacramento,Sacramento,41,27,28,24,39
95823,Sacramento,Sacramento,10,11,9,9,39
95983,Taylorsville,Plumas,23,24,26,35,39
96017,Castella,Shasta,20,25,30,42,39
96105,Chilcoot,Plumas,16,22,23,28,39
90212,Beverly Hills,Los Angeles,15,17,19,23,38
92647,Huntington Beach,Orange,6,7,6,11,38
93035,Oxnard,Ventura,12,15,14,16,38
94928,Rohnert Park,Sonoma,1,1,3,4,38
94946,Nicasio,Marin,9,13,31,37,38
95062,Santa Cruz,Santa Cruz,16,14,12,16,38
95125,San Jose,Santa Clara,10,14,15,15,38
95524,Bayside,Humboldt,3,4,8,14,38
90045,Los Angeles,Los Angeles,30,30,28,30,37
90503,Torrance,Los Angeles,23,20,20,21,37
90504,Torrance,Los Angeles,22,22,18,21,37
90505,Torrance,Los Angeles,19,18,19,19,37
92612,Irvine,Orange,0,0,1,3,37
92648,Huntington Beach,Orange,13,10,7,9,37
93277,Visalia,Tulare,4,3,7,12,37
93637,Madera,Madera,9,10,14,17,37
94511,Bethel Island,Contra Costa,0,0,26,29,37
94578,San Leandro,Alameda,12,14,9,10,37
95556,Orleans,Humboldt,28,29,39,46,37
96075,Paynes Creek,Tehama,18,27,27,29,37
92242,Earp,San Bernardino,7,7,6,7,36
93292,Visalia,Tulare,5,10,18,13,36
93314,Bakersfield,Kern,15,19,14,20,36
93430,Cayucos,San Luis Obispo,12,15,23,27,36
95135,San Jose,Santa Clara,5,3,1,10,36
95443,Glenhaven,Lake,2,6,19,28,36
95558,Petrolia,Humboldt,21,28,31,35,36
95562,Rio Dell,Humboldt,3,3,5,10,36
92365,Newberry Springs,San Bernardino,15,14,17,18,35
93703,Fresno,Fresno,19,14,22,16,35
94709,Berkeley,Alameda,16,14,15,16,35
95419,Camp Meeker,Sonoma,0,0,0,0,35
95471,Rio Nido,Sonoma,0,0,0,0,35
90403,Santa Monica,Los Angeles,25,32,25,25,34
92210,Indian Wells,Riverside,5,2,5,7,34
92627,Costa Mesa,Orange,16,11,5,12,34
92835,Fullerton,Orange,14,13,12,19,34
93040,Piru,Ventura,10,13,19,24,34
93311,Bakersfield,Kern,4,6,8,12,34
95207,Stockton,San Joaquin,10,9,10,17,34
95822,Sacramento,Sacramento,25,20,20,20,34
95972,Rackerby,Yuba,18,15,20,28,34
90028,Los Angeles,Los Angeles,38,39,36,33,33
90808,Long Beach,Los Angeles,16,19,19,22,33
91708,Chino,San Bernardino,6,7,7,9,33
92236,Coachella,Riverside,21,19,17,14,33
93030,Oxnard,Ventura,13,12,14,15,33
95132,San Jose,Santa Clara,10,9,11,16,33
95401,Santa Rosa,Sonoma,2,6,5,14,33
90680,Stanton,Orange,9,12,10,11,32
93654,Reedley,Fresno,8,6,14,14,32
94015,Daly City,San Mateo,8,9,9,17,32
94061,Redwood City,San Mateo,0,1,3,7,32
95307,Ceres,Stanislaus,9,8,9,8,32
95336,Manteca,San Joaquin,3,4,4,6,32
95350,Modesto,Stanislaus,6,9,6,8,32
95683,Sloughhouse,Sacramento,2,4,5,16,32
95926,Chico,Butte,1,3,3,5,32
90755,Signal Hill,Los Angeles,29,24,25,30,31
91934,Jacumba,San Diego,15,13,19,24,31
92649,Huntington Beach,Orange,9,10,9,9,31
92663,Newport Beach,Orange,8,8,9,15,31
92806,Anaheim,Orange,8,5,5,7,31
93221,Exeter,Tulare,3,3,6,6,31
94115,San Francisco,San Francisco,11,11,10,18,31
94132,San Francisco,San Francisco,6,9,9,8,31
94970,Stinson Beach,Marin,2,6,10,16,31
96107,Coleville,Mono,5,4,16,20,31
90254,Hermosa Beach,Los Angeles,13,14,13,17,30
92066,Ranchita,San Diego,19,23,24,25,30
92625,Corona Del Mar,Orange,7,7,6,11,30
93705,Fresno,Fresno,11,9,10,10,30
95110,San Jose,Santa Clara,36,34,34,32,30
95670,Rancho Cordova,Sacramento,1,4,2,7,30
90292,Marina Del Rey,Los Angeles,14,13,14,11,29
91932,Imperial Beach,San Diego,5,7,7,9,29
92251,Imperial,Imperial,16,17,14,15,29
93226,Glennville,Kern,18,22,20,25,29
94301,Palo Alto,Santa Clara,5,9,9,12,29
94303,Palo Alto,San Mateo,18,21,16,13,29
94503,American Canyon,Napa,1,1,0,2,29
94545,Hayward,Alameda,21,17,12,16,29
94957,Ross,Marin,1,6,5,12,29
95624,Elk Grove,Sacramento,3,2,2,7,29
95979,Stonyford,Colusa,6,4,11,18,29
96050,Klamath River,Siskiyou,29,32,34,26,29
92007,Cardiff By The Sea,San Diego,2,0,3,6,28
92106,San Diego,San Diego,11,10,11,11,28
93210,Coalinga,Fresno,20,17,20,26,28
93662,Selma,Fresno,2,2,11,8,28
93701,Fresno,Fresno,20,19,25,21,28
94518,Concord,Contra Costa,7,7,9,12,28
94589,Vallejo,Solano,11,12,11,15,28
95012,Castroville,Monterey,7,7,11,20,28
95126,San Jose,Santa Clara,31,31,30,27,28
95358,Modesto,Stanislaus,10,10,12,14,28
90293,Playa Del Rey,Los Angeles,7,8,8,11,27
94021,Loma Mar,San Mateo,7,16,24,26,27
94710,Berkeley,Alameda,26,25,23,25,27
95124,San Jose,Santa Clara,3,4,3,8,27
95140,Mount Hamilton,Santa Clara,13,17,17,22,27
95340,Merced,Merced,10,8,7,14,27
95550,Korbel,Humboldt,20,19,25,27,27
95628,Fair Oaks,Sacramento,2,8,4,10,27
95968,Palermo,Butte,2,3,6,11,27
96014,Callahan,Siskiyou,7,9,10,17,27
96040,Hat Creek,Shasta,5,5,7,15,27
96055,Los Molinos,Tehama,1,3,2,7,27
90713,Lakewood,Los Angeles,27,28,27,25,26
93286,Woodlake,Tulare,2,6,10,12,26
94109,San Francisco,San Francisco,8,7,8,11,26
94401,San Mateo,San Mateo,6,6,5,7,26
94403,San Mateo,San Mateo,0,0,1,14,26
95305,Big Oak Flat,Tuolumne,0,0,0,0,26
95354,Modesto,Stanislaus,6,8,6,8,26
95546,Hoopa,Humboldt,5,8,16,24,26
95816,Sacramento,Sacramento,13,10,11,18,26
95818,Sacramento,Sacramento,19,19,20,22,26
96086,Seiad Valley,Siskiyou,20,22,25,26,26
90056,Los Angeles,Los Angeles,24,17,15,17,25
92173,San Ysidro,San Diego,15,17,20,20,25
93647,Orosi,Tulare,5,8,14,13,25
94005,Brisbane,San Mateo,4,5,13,16,25
94520,Concord,Contra Costa,5,5,4,7,25
94585,Suisun City,Solano,11,8,9,16,25
95420,Caspar,Mendocino,5,7,11,19,25
95536,Ferndale,Humboldt,8,13,16,16,25
95747,Roseville,Placer,1,4,2,11,25
95758,Elk Grove,Sacramento,2,1,1,3,25
96111,Floriston,Nevada,21,22,23,25,25
93041,Port Hueneme,Ventura,3,4,6,6,24
93241,Lamont,Kern,20,18,19,18,24
93545,Lone Pine,Inyo,9,14,15,16,24
93726,Fresno,Fresno,10,5,5,3,24
94133,San Francisco,San Francisco,14,14,15,15,24
94538,Fremont,Alameda,4,5,6,10,24
95693,Wilton,Sacramento,3,5,3,5,24
95829,Sacramento,Sacramento,9,7,6,12,24
95963,Orland,Glenn,8,7,9,11,24
92706,Santa Ana,Orange,6,6,8,12,23
92802,Anaheim,Orange,13,11,12,12,23
93252,Maricopa,Kern,17,22,26,32,23
93704,Fresno,Fresno,16,14,15,14,23
93960,Soledad,Monterey,5,11,18,24,23
94579,San Leandro,Alameda,4,3,2,2,23
95254,Wallace,Calaveras,0,0,0,0,23
95337,Manteca,San Joaquin,9,11,10,15,23
95380,Turlock,Stanislaus,6,3,2,13,23
95432,Elk,Mendocino,7,15,20,20,23
95687,Vacaville,Solano,5,4,4,7,23
96109,Doyle,Lassen,5,8,14,13,23
90815,Long Beach,Los Angeles,21,23,20,12,22
92267,Parker Dam,San Bernardino,0,1,1,2,22
92614,Irvine,Orange,3,3,4,6,22
92844,Garden Grove,Orange,1,1,3,5,22
93250,Mc Farland,Kern,5,4,7,6,22
93280,Wasco,Kern,8,9,8,16,22
93621,Dunlap,Fresno,10,13,14,19,22
93905,Salinas,Monterey,3,3,3,6,22
93955,Seaside,Monterey,0,0,2,6,22
94074,San Gregorio,San Mateo,10,8,13,20,22
94599,Yountville,Napa,1,2,6,10,22
95017,Davenport,Santa Cruz,16,10,15,19,22
95355,Modesto,Stanislaus,7,5,5,9,22
95377,Tracy,San Joaquin,11,11,9,14,22
95488,Westport,Mendocino,7,11,11,20,22
95673,Rio Linda,Sacramento,8,9,10,11,22
96121,Milford,Lassen,3,5,7,11,22
92832,Fullerton,Orange,14,7,8,12,21
93516,Boron,Kern,6,6,8,3,21
93612,Clovis,Fresno,2,3,5,5,21
93650,Fresno,Fresno,6,3,4,3,21
93906,Salinas,Monterey,3,2,2,4,21
94037,Montara,San Mateo,6,9,11,13,21
94306,Palo Alto,Santa Clara,2,2,1,5,21
94505,Discovery Bay,Contra Costa,2,2,3,4,21
94555,Fremont,Alameda,3,3,3,4,21
94612,Oakland,Alameda,17,15,14,17,21
94924,Bolinas,Marin,4,4,9,15,21
95128,San Jose,Santa Clara,7,7,7,9,21
95136,San Jose,Santa Clara,1,0,0,3,21
95348,Merced,Merced,2,4,3,7,21
95376,Tracy,San Joaquin,3,3,3,5,21
95429,Dos Rios,Mendocino,15,16,16,16,21
95493,Witter Springs,Lake,5,5,7,12,21
95548,Klamath,Del Norte,3,6,10,14,21
95565,Scotia,Humboldt,1,1,5,11,21
95608,Carmichael,Sacramento,10,6,10,8,21
95662,Orangevale,Sacramento,1,0,1,7,21
95691,West Sacramento,Yolo,29,30,6,29,21
95692,Wheatland,Yuba,2,4,4,8,21
93212,Corcoran,Kings,18,15,21,16,20
93263,Shafter,Kern,9,12,11,14,20
93630,Kerman,Fresno,3,8,12,14,20
93720,Fresno,Fresno,5,4,1,1,20
94103,San Francisco,San Francisco,12,9,9,11,20
95212,Stockton,San Joaquin,4,4,3,6,20
95463,Navarro,Mendocino,0,0,0,0,20
95585,Leggett,Mendocino,6,6,8,17,20
95605,West Sacramento,Yolo,2,0,1,9,20
95833,Sacramento,Sacramento,13,9,8,7,20
96010,Big Bar,Trinity,13,16,16,13,20
90017,Los Angeles,Los Angeles,11,12,14,12,19
95202,Stockton,San Joaquin,12,11,13,14,19
95240,Lodi,San Joaquin,3,4,6,6,19
95369,Snelling,Merced,1,2,6,8,19
95699,Drytown,Amador,0,0,0,0,19
95817,Sacramento,Sacramento,24,24,23,17,19
95824,Sacramento,Sacramento,15,10,10,7,19
95984,Twain,Plumas,15,21,23,23,19
93711,Fresno,Fresno,6,7,9,11,18
93925,Chualar,Monterey,3,9,15,18,18
94576,Deer Park,Napa,12,13,15,15,18
94940,Marshall,Marin,8,8,11,14,18
94963,San Geronimo,Marin,3,5,7,8,18
95210,Stockton,San Joaquin,9,7,6,7,18
95821,Sacramento,Sacramento,14,7,9,12,18
92118,Coronado,San Diego,3,2,3,5,17
92868,Orange,Orange,8,3,5,7,17
93513,Big Pine,Inyo,4,3,2,8,17
93610,Chowchilla,Madera,4,4,10,17,17
95129,San Jose,Santa Clara,3,3,3,4,17
95133,San Jose,Santa Clara,2,4,5,6,17
95341,Merced,Merced,16,9,6,10,17
95427,Comptche,Mendocino,10,11,12,15,17
95736,Weimar,Placer,0,0,0,0,17
95827,Sacramento,Sacramento,1,3,4,5,17
95961,Olivehurst,Yuba,3,17,4,8,17
90720,Los Alamitos,Orange,7,3,4,7,16
92254,Mecca,Riverside,6,6,8,11,16
92661,Newport Beach,Orange,3,5,4,2,16
93223,Farmersville,Tulare,3,3,9,5,16
93254,New Cuyama,Santa Barbara,10,10,13,24,16
93635,Los Banos,Merced,5,6,6,10,16
93950,Pacific Grove,Monterey,2,1,2,6,16
94063,Redwood City,San Mateo,7,8,6,10,16
94107,San Francisco,San Francisco,10,8,10,9,16
95008,Campbell,Santa Clara,1,2,2,6,16
95118,San Jose,Santa Clara,30,27,26,13,16
95226,Campo Seco,Calaveras,0,0,0,0,16
95322,Gustine,Merced,1,1,1,3,16
95412,Annapolis,Sonoma,6,15,19,20,16
95569,Redcrest,Humboldt,8,9,14,18,16
95610,Citrus Heights,Sacramento,3,4,3,7,16
95660,North Highlands,Sacramento,7,10,6,7,16
95681,Sheridan,Placer,0,2,3,3,16
95991,Yuba City,Sutter,2,4,3,3,16
96023,Dorris,Siskiyou,4,8,8,10,16
96058,Macdoel,Siskiyou,5,10,10,12,16
91502,Burbank,Los Angeles,11,9,10,12,15
93255,Onyx,Kern,3,9,9,10,15
94089,Sunnyvale,Santa Clara,0,0,0,2,15
94572,Rodeo,Contra Costa,11,11,8,9,15
94580,San Lorenzo,Alameda,7,7,7,6,15
94922,Bodega,Sonoma,0,0,11,11,15
94929,Dillon Beach,Marin,4,3,4,6,15
94931,Cotati,Sonoma,4,0,1,4,15
95050,Santa Clara,Santa Clara,4,4,2,4,15
95209,Stockton,San Joaquin,9,9,8,8,15
95219,Stockton,San Joaquin,6,6,5,5,15
95356,Modesto,Stanislaus,1,2,2,4,15
95567,Smith River,Del Norte,2,4,3,13,15
95587,Piercy,Mendocino,15,13,9,13,15
95632,Galt,Sacramento,1,1,5,9,15
95637,Guinda,Yolo,0,2,5,9,15
95678,Roseville,Placer,1,4,2,3,15
95695,Woodland,Yolo,4,4,4,6,15
95765,Rocklin,Placer,0,1,1,3,15
95842,Sacramento,Sacramento,4,2,4,7,15
96015,Canby,Modoc,0,2,7,9,15
96038,Grenada,Siskiyou,1,1,2,3,15
96104,Cedarville,Modoc,3,3,3,9,15
90021,Los Angeles,Los Angeles,11,11,11,13,14
90740,Seal Beach,Orange,9,8,9,9,14
92250,Holtville,Imperial,5,7,5,8,14
92257,Niland,Imperial,4,3,3,8,14
92624,Capistrano Beach,Orange,3,4,4,7,14
93245,Lemoore,Kings,1,1,2,4,14
93523,Edwards,Kern,5,3,3,6,14
93646,Orange Cove,Fresno,14,13,16,13,14
94018,El Granada,San Mateo,0,0,0,0,14
94560,Newark,Alameda,10,8,7,6,14
95051,Santa Clara,Santa Clara,2,2,2,4,14
95514,Blocksburg,Humboldt,9,8,19,18,14
95595,Zenia,Trinity,15,17,15,9,14
95742,Rancho Cordova,Sacramento,1,0,0,5,14
95811,Sacramento,Sacramento,6,6,7,10,14
95993,Yuba City,Sutter,3,1,1,1,14
96113,Herlong,Lassen,0,0,0,5,14
96129,Beckwourth,Plumas,4,4,4,10,14
92347,Hinkley,San Bernardino,2,2,3,5,13
92368,Oro Grande,San Bernardino,2,4,3,4,13
92398,Yermo,San Bernardino,4,5,4,6,13
92626,Costa Mesa,Orange,7,4,6,7,13
92866,Orange,Orange,3,3,2,3,13
93206,Buttonwillow,Kern,6,3,6,6,13
93267,Strathmore,Tulare,4,2,8,5,13
93611,Clovis,Fresno,4,4,3,4,13
93618,Dinuba,Tulare,2,3,6,6,13
93901,Salinas,Monterey,4,5,4,4,13
94038,Moss Beach,San Mateo,2,1,3,9,13
94086,Sunnyvale,Santa Clara,3,4,3,5,13
95119,San Jose,Santa Clara,0,1,0,1,13
95315,Delhi,Merced,0,0,0,1,13
95391,Tracy,San Joaquin,0,0,0,0,13
95555,Orick,Humboldt,4,4,9,8,13
95757,Elk Grove,Sacramento,2,3,3,2,13
95864,Sacramento,Sacramento,3,2,0,2,13
95939,Elk Creek,Glenn,3,2,12,9,13
96035,Gerber,Tehama,0,0,1,1,13
92655,Midway City,Orange,1,2,2,3,12
92861,Villa Park,Orange,1,3,4,5,12
92865,Orange,Orange,4,5,6,5,12
93247,Lindsay,Tulare,3,6,5,4,12
93270,Terra Bella,Tulare,4,5,7,6,12
93433,Grover Beach,San Luis Obispo,1,1,3,3,12
93452,San Simeon,San Luis Obispo,7,7,12,13,12
93932,Lockwood,Monterey,2,9,10,10,12
95010,Capitola,Santa Cruz,1,1,1,3,12
95301,Atwater,Merced,7,9,7,7,12
95357,Modesto,Stanislaus,5,5,6,6,12
95367,Riverbank,Stanislaus,1,1,0,1,12
95551,Loleta,Humboldt,0,3,4,8,12
95621,Citrus Heights,Sacramento,2,2,5,8,12
95934,Crescent Mills,Plumas,7,8,7,12,12
96076,Platina,Shasta,11,13,10,12,12
96115,Lake City,Modoc,0,0,0,2,12
90245,El Segundo,Los Angeles,5,5,4,4,11
92273,Seeley,Imperial,0,0,0,0,11
92606,Irvine,Orange,3,1,4,3,11
93710,Fresno,Fresno,4,3,3,5,11
94087,Sunnyvale,Santa Clara,2,1,2,3,11
94304,Palo Alto,Santa Clara,2,5,5,6,11
94519,Concord,Contra Costa,7,7,7,6,11
94569,Port Costa,Contra Costa,2,1,2,7,11
95131,San Jose,Santa Clara,1,1,2,4,11
95134,San Jose,Santa Clara,0,0,1,1,11
95304,Tracy,San Joaquin,5,2,3,4,11
95511,Alderpoint,Humboldt,11,15,17,12,11
95620,Dixon,Solano,3,1,0,2,11
95831,Sacramento,Sacramento,4,2,3,5,11
95841,Sacramento,Sacramento,3,2,2,3,11
95910,Alleghany,Sierra,12,13,13,13,11
95944,Goodyears Bar,Sierra,6,7,7,9,11
96046,Hyampom,Trinity,13,30,20,19,11
90623,La Palma,Orange,7,7,7,8,10
93434,Guadalupe,Santa Barbara,7,6,5,6,10
93562,Trona,San Bernardino,4,5,2,3,10
93563,Valyermo,Los Angeles,5,6,8,10,10
93723,Fresno,Fresno,12,11,9,10,10
94040,Mountain View,Santa Clara,3,3,3,4,10
94043,Mountain View,Santa Clara,1,1,1,3,10
94404,San Mateo,San Mateo,2,1,2,3,10
94571,Rio Vista,Solano,2,1,1,2,10
95075,Tres Pinos,San Benito,0,0,2,7,10
95117,San Jose,Santa Clara,2,2,2,3,10
95230,Farmington,San Joaquin,3,4,3,4,10
95320,Escalon,San Joaquin,3,3,5,18,10
95334,Livingston,Merced,3,5,5,5,10
95626,Elverta,Sacramento,2,1,3,7,10
95679,Rumsey,Yolo,4,6,5,9,10
95776,Woodland,Yolo,0,2,0,0,10
95819,Sacramento,Sacramento,3,6,5,7,10
95932,Colusa,Colusa,2,1,5,5,10
96085,Scott Bar,Siskiyou,9,13,11,10,10
96108,Davis Creek,Modoc,1,1,2,4,10
90013,Los Angeles,Los Angeles,3,5,4,5,9
92249,Heber,Imperial,5,5,3,6,9
92401,San Bernardino,San Bernardino,15,13,14,11,9
93256,Pixley,Tulare,1,3,9,5,9
93287,Woody,Kern,3,6,6,7,9
93609,Caruthers,Fresno,4,5,6,6,9
94102,San Francisco,San Francisco,5,7,5,6,9
94105,San Francisco,San Francisco,0,1,1,3,9
95220,Acampo,San Joaquin,2,1,4,6,9
95326,Hughson,Stanislaus,3,2,2,2,9
95330,Lathrop,San Joaquin,2,0,2,1,9
95368,Salida,Stanislaus,0,0,0,1,9
95382,Turlock,Stanislaus,3,4,6,2,9
95417,Branscomb,Mendocino,3,4,7,9,9
95547,Hydesville,Humboldt,0,1,2,1,9
95661,Roseville,Placer,0,2,2,4,9
95826,Sacramento,Sacramento,6,4,2,5,9
95832,Sacramento,Sacramento,2,2,4,2,9
95948,Gridley,Butte,2,3,3,6,9
90067,Los Angeles,Los Angeles,2,3,2,2,8
92258,North Palm Springs,Riverside,2,2,2,2,8
93201,Alpaugh,Tulare,0,0,0,0,8
93244,Lemon Cove,Tulare,0,0,5,5,8
93445,Oceano,San Luis Obispo,1,0,0,1,8
93730,Fresno,Fresno,2,2,2,1,8
95139,San Jose,Santa Clara,1,1,1,3,8
95242,Lodi,San Joaquin,3,2,2,3,8
95360,Newman,Stanislaus,1,2,1,3,8
95388,Winton,Merced,2,2,2,3,8
95641,Isleton,Sacramento,5,6,5,6,8
95834,Sacramento,Sacramento,2,3,1,0,8
95835,Sacramento,Sacramento,0,0,0,1,8
95843,Antelope,Sacramento,2,0,1,2,8
96054,Lookout,Modoc,2,5,6,7,8
96089,Shasta Lake,Shasta,0,0,0,0,8
92845,Garden Grove,Orange,0,0,1,1,7
93219,Earlimart,Tulare,6,8,6,4,7
93262,Sequoia National Park,Tulare,4,5,5,7,7
93450,San Ardo,Monterey,0,7,5,7,7
93620,Dos Palos,Merced,1,2,3,5,7
93660,San Joaquin,Fresno,1,1,1,5,7
93721,Fresno,Fresno,5,5,7,6,7
93737,Fresno,Fresno,1,3,2,2,7
94085,Sunnyvale,Santa Clara,0,0,1,1,7
94305,Stanford,Santa Clara,2,1,2,3,7
94502,Alameda,Alameda,1,1,2,2,7
95231,French Camp,San Joaquin,2,1,1,3,7
95317,El Nido,Merced,1,1,0,7,7
95627,Esparto,Yolo,1,0,0,1,7
95638,Herald,Sacramento,1,4,5,5,7
95825,Sacramento,Sacramento,3,3,2,2,7
95953,Live Oak,Sutter,7,8,9,7,7
96112,Fort Bidwell,Modoc,1,2,3,3,7
96116,Likely,Modoc,0,0,1,1,7
90094,Playa Vista,Los Angeles,0,1,2,2,6
92233,Calipatria,Imperial,3,2,4,4,6
92239,Desert Center,Riverside,0,0,0,1,6
93204,Avenal,Kings,1,1,1,9,6
93249,Lost Hills,Kern,1,3,1,3,6
93526,Independence,Inyo,2,4,4,4,6
93615,Cutler,Tulare,4,4,4,3,6
93625,Fowler,Fresno,1,2,6,1,6
93631,Kingsburg,Fresno,4,6,5,6,6
93926,Gonzales,Monterey,3,5,7,6,6
94514,Byron,Contra Costa,4,4,4,3,6
95064,Santa Cruz,Santa Cruz,1,1,1,3,6
95386,Waterford,Stanislaus,3,3,2,2,6
95568,Somes Bar,Siskiyou,3,6,7,7,6
95618,Davis,Yolo,0,1,1,5,6
95690,Walnut Grove,Sacramento,1,2,3,4,6
95814,Sacramento,Sacramento,4,4,4,5,6
95988,Willows,Glenn,4,2,2,4,6
96009,Bieber,Lassen,0,0,0,0,6
96031,Forks Of Salmon,Siskiyou,8,7,7,7,6
96034,Gazelle,Siskiyou,5,6,7,8,6
96134,Tulelake,Siskiyou,5,6,1,4,6
90014,Los Angeles,Los Angeles,0,0,0,0,5
90742,Sunset Beach,Orange,2,2,2,2,5
92280,Vidal,San Bernardino,2,1,1,1,5
92281,Westmorland,Imperial,3,3,3,4,5
93528,Johannesburg,Kern,3,4,4,4,5
94158,San Francisco,San Francisco,6,3,5,5,5
95019,Freedom,Santa Cruz,0,0,0,0,5
95227,Clements,San Joaquin,0,0,0,0,5
95316,Denair,Stanislaus,0,0,0,0,5
95328,Keyes,Stanislaus,1,0,0,0,5
95333,Le Grand,Merced,0,0,1,2,5
95607,Capay,Yolo,0,1,2,6,5
96006,Adin,Modoc,1,2,4,8,5
96117,Litchfield,Lassen,0,1,0,0,5
96128,Standish,Lassen,0,0,2,4,5
96133,Topaz,Mono,0,1,1,2,5
90089,Los Angeles,Los Angeles,8,8,7,5,4
90743,Surfside,Orange,0,0,2,3,4
91980,Tecate,San Diego,4,3,2,4,4
92318,Bryn Mawr,San Bernardino,0,1,0,0,4
93235,Ivanhoe,Tulare,1,1,1,1,4
93656,Riverdale,Fresno,1,2,1,2,4
94041,Mountain View,Santa Clara,0,0,0,0,4
94108,San Francisco,San Francisco,1,1,1,1,4
94592,Vallejo,Solano,0,0,0,0,4
95002,Alviso,Santa Clara,6,7,5,5,4
95039,Moss Landing,Monterey,0,1,1,1,4
95054,Santa Clara,Santa Clara,1,0,1,1,4
95236,Linden,San Joaquin,0,0,0,4,4
95365,Planada,Merced,7,7,4,5,4
95374,Stevinson,Merced,0,0,0,0,4
95564,Samoa,Humboldt,0,0,0,2,4
95606,Brooks,Yolo,0,2,4,5,4
95616,Davis,Yolo,3,2,2,3,4
95668,Pleasant Grove,Sutter,0,0,0,1,4
95917,Biggs,Butte,0,1,1,2,4
95938,Durham,Butte,4,5,4,5,4
95951,Hamilton City,Glenn,0,0,0,1,4
96110,Eagleville,Modoc,0,0,0,0,4
90401,Santa Monica,Los Angeles,3,1,0,3,3
92275,Salton City,Imperial,0,0,0,0,3
92309,Baker,San Bernardino,0,0,1,3,3
92327,Daggett,San Bernardino,1,0,0,2,3
92662,Newport Beach,Orange,1,1,1,3,3
93202,Armona,Kings,0,0,2,3,3
93218,Ducor,Tulare,0,0,0,0,3
93272,Tipton,Tulare,1,1,2,1,3
93276,Tupman,Kern,0,1,1,2,3
93429,Casmalia,Santa Barbara,1,1,2,2,3
93461,Shandon,San Luis Obispo,2,3,3,3,3
93512,Benton,Mono,3,3,3,3,3
93549,Olancha,Inyo,0,0,0,0,3
93616,Del Rey,Fresno,0,0,2,1,3
93648,Parlier,Fresno,1,0,0,0,3
93668,Tranquillity,Fresno,1,1,1,1,3
93954,San Lucas,Monterey,0,0,0,0,3
94971,Tomales,Marin,0,2,3,3,3
95141,San Jose,Santa Clara,0,0,2,2,3
95237,Lockeford,San Joaquin,0,0,0,1,3
95258,Woodbridge,San Joaquin,1,1,1,1,3
95444,Graton,Sonoma,0,1,0,2,3
95674,Rio Oso,Sutter,1,1,1,2,3
95970,Princeton,Colusa,1,3,3,3,3
95987,Williams,Colusa,1,1,3,4,3
97635,,Lake,0,2,2,2,3
92266,Palo Verde,Imperial,0,0,0,0,2
92283,Winterhaven,Imperial,3,2,2,3,2
92617,Irvine,Orange,0,0,1,1,2
93224,Fellows,Kern,0,0,0,2,2
93239,Kettleman City,Kings,2,1,2,1,2
93242,Laton,Fresno,1,1,0,1,2
93624,Five Points,Fresno,0,0,0,0,2
93962,Spreckels,Monterey,0,0,0,0,2
94065,Redwood City,San Mateo,0,0,0,1,2
94111,San Francisco,San Francisco,0,1,1,1,2
95013,Coyote,Santa Clara,0,0,1,0,2
95130,San Jose,Santa Clara,0,0,1,0,2
95319,Empire,Stanislaus,0,0,0,0,2
95323,Hickman,Stanislaus,1,1,2,2,2
95324,Hilmar,Merced,0,0,1,1,2
95366,Ripon,San Joaquin,2,2,1,1,2
95385,Vernalis,Stanislaus,0,0,1,1,2
95830,Sacramento,Sacramento,0,0,0,1,2
95912,Arbuckle,Colusa,0,2,4,6,2
95915,Belden,Plumas,0,1,1,1,2
95982,Sutter,Sutter,0,0,1,2,2
96132,Termo,Lassen,0,0,0,1,2
92055,,,0,0,0,0,1
92259,Ocotillo,Imperial,2,2,2,1,1
92338,Ludlow,San Bernardino,0,0,0,0,1
92364,Nipton,San Bernardino,1,1,2,2,1
92389,Tecopa,Inyo,0,0,0,0,1
92518,March Air Reserve Base,Riverside,0,0,0,1,1
93234,Huron,Fresno,4,4,2,2,1
93435,Harmony,San Luis Obispo,1,1,1,2,1
93558,Red Mountain,San Bernardino,0,0,0,0,1
93606,Biola,Fresno,0,0,0,0,1
93608,Cantua Creek,Fresno,2,1,2,3,1
94130,San Francisco,San Francisco,1,1,1,1,1
94512,Birds Landing,Solano,1,1,1,1,1
94720,Berkeley,Alameda,0,0,0,0,1
95303,Ballico,Merced,1,1,1,1,1
95313,Crows Landing,Stanislaus,2,2,1,1,1
95439,Fulton,Sonoma,0,0,0,0,1
95612,Clarksburg,Yolo,1,0,0,1,1
95645,Knights Landing,Sutter,0,0,0,1,1
95655,Mather,Sacramento,0,0,0,0,1
95698,Zamora,Yolo,1,1,1,1,1
95837,Sacramento,Sacramento,0,0,0,0,1
95937,Dunnigan,Yolo,1,1,1,1,1
95957,Meridian,Sutter,2,2,2,1,1
96119,Madeline,Lassen,1,3,4,2,1
96136,Wendel,Lassen,0,0,1,0,1
90071,,,0,0,1,1,0
90095,,,0,0,1,1,0
91210,Glendale,Los Angeles,,0,0,0,0
91330,,,1,0,0,0,0
92140,San Diego,San Diego,,0,0,0,0
92145,San Diego,San Diego,,0,0,0,0
92304,,,1,0,0,0,0
92310,Fort Irwin,San Bernardino,,0,0,0,0
92332,,,0,0,0,0,0
92384,Shoshone,Inyo,,0,0,0,0
93266,Stratford,Kings,,0,0,0,0
93437,Lompoc,Santa Barbara,0,0,0,0,0
93554,Randsburg,Kern,0,0,0,0,0
93627,,,0,0,0,0,0
93652,,,1,1,1,0,0
93666,Sultana,Tulare,,0,0,0,0
93673,Traver,Tulare,,0,0,0,0
93944,,,0,0,0,0,
94128,,,0,0,0,1,0
94129,,,0,0,0,0,0
94548,Knightsen,Contra Costa,0,0,0,0,
94613,Oakland,Alameda,,,,,
94972,Valley Ford,Sonoma,0,0,0,1,0
95113,,,0,0,0,0,0
95253,Victor,San Joaquin,,0,0,0,0
95615,Courtland,Sacramento,0,0,0,0,0
95653,Madison,Yolo,,,,,
95659,Nicolaus,Sutter,0,2,1,0,0
95686,Thornton,San Joaquin,,0,0,0,0
95920,,,0,0,0,1,0
95955,,,1,1,1,1,0
96059,Manton,Tehama,0,0,39,47,0
96123,,,1,0,0,0,0
