effective_date,geo_type,geo_id,geo_name,status,source_id
2025-03-06,county,Alpine,Alpine,distressed,cdi_distressed_geographies_2025
2025-03-06,county,Amador,Amador,distressed,cdi_distressed_geographies_2025
2025-03-06,county,Butte,Butte,distressed,cdi_distressed_geographies_2025
2025-03-06,county,Calaveras,Calaveras,distressed,cdi_distressed_geographies_2025
2025-03-06,county,Del Norte,Del Norte,distressed,cdi_distressed_geographies_2025
2025-03-06,county,El Dorado,El Dorado,distressed,cdi_distressed_geographies_2025
2025-03-06,county,Humboldt,Humboldt,distressed,cdi_distressed_geographies_2025
2025-03-06,county,Lake,Lake,distressed,cdi_distressed_geographies_2025
2025-03-06,county,Lassen,Lassen,distressed,cdi_distressed_geographies_2025
2025-03-06,county,Madera,Madera,distressed,cdi_distressed_geographies_2025
2025-03-06,county,Marin,Marin,distressed,cdi_distressed_geographies_2025
2025-03-06,county,Mariposa,Mariposa,distressed,cdi_distressed_geographies_2025
2025-03-06,county,Mendocino,Mendocino,distressed,cdi_distressed_geographies_2025
2025-03-06,county,Modoc,Modoc,distressed,cdi_distressed_geographies_2025
2025-03-06,county,Mono,Mono,distressed,cdi_distressed_geographies_2025
2025-03-06,county,Monterey,Monterey,distressed,cdi_distressed_geographies_2025
2025-03-06,county,Napa,Napa,distressed,cdi_distressed_geographies_2025
2025-03-06,county,Nevada,Nevada,distressed,cdi_distressed_geographies_2025
2025-03-06,county,Placer,Placer,distressed,cdi_distressed_geographies_2025
2025-03-06,county,Plumas,Plumas,distressed,cdi_distressed_geographies_2025
2025-03-06,county,San Luis Obispo,San Luis Obispo,distressed,cdi_distressed_geographies_2025
2025-03-06,county,Santa Cruz,Santa Cruz,distressed,cdi_distressed_geographies_2025
2025-03-06,county,Shasta,Shasta,distressed,cdi_distressed_geographies_2025
2025-03-06,county,Sierra,Sierra,distressed,cdi_distressed_geographies_2025
2025-03-06,county,Siskiyou,Siskiyou,distressed,cdi_distressed_geographies_2025
2025-03-06,county,Tehama,Tehama,distressed,cdi_distressed_geographies_2025
2025-03-06,county,Trinity,Trinity,distressed,cdi_distressed_geographies_2025
2025-03-06,county,Tuolumne,Tuolumne,distressed,cdi_distressed_geographies_2025
2025-03-06,county,Ventura,Ventura,distressed,cdi_distressed_geographies_2025
2025-03-06,zip,90046,90046,distressed,cdi_distressed_geographies_2025
2025-03-06,zip,92060,92060,distressed,cdi_distressed_geographies_2025
2025-03-06,zip,92536,92536,distressed,cdi_distressed_geographies_2025
2025-03-06,zip,93108,93108,distressed,cdi_distressed_geographies_2025
2025-03-06,zip,93435,93435,distressed,cdi_distressed_geographies_2025
2025-03-06,zip,93605,93605,distressed,cdi_distressed_geographies_2025
2025-03-06,zip,93928,93928,distressed,cdi_distressed_geographies_2025
2025-03-06,zip,94929,94929,distressed,cdi_distressed_geographies_2025
2025-03-06,zip,95033,95033,distressed,cdi_distressed_geographies_2025
2025-03-06,zip,95305,95305,distressed,cdi_distressed_geographies_2025
2025-03-06,zip,90063,90063,distressed,cdi_distressed_geographies_2025
2025-03-06,zip,92061,92061,distressed,cdi_distressed_geographies_2025
2025-03-06,zip,92539,92539,distressed,cdi_distressed_geographies_2025
2025-03-06,zip,93205,93205,distressed,cdi_distressed_geographies_2025
2025-03-06,zip,93442,93442,distressed,cdi_distressed_geographies_2025
2025-03-06,zip,93610,93610,distressed,cdi_distressed_geographies_2025
2025-03-06,zip,93930,93930,distressed,cdi_distressed_geographies_2025
2025-03-06,zip,94930,94930,distressed,cdi_distressed_geographies_2025
2025-03-06,zip,95039,95039,distressed,cdi_distressed_geographies_2025
2025-03-06,zip,95306,95306,distressed,cdi_distressed_geographies_2025
2025-03-06,zip,90068,90068,distressed,cdi_distressed_geographies_2025
2025-03-06,zip,92065,92065,distressed,cdi_distressed_geographies_2025
2025-03-06,zip,92548,92548,distressed,cdi_distressed_geographies_2025
2025-03-06,zip,93207,93207,distressed,cdi_distressed_geographies_2025
2025-03-06,zip,93444,93444,distressed,cdi_distressed_geographies_2025
2025-03-06,zip,93614,93614,distressed,cdi_distressed_geographies_2025
2025-03-06,zip,93932,93932,distressed,cdi_distressed_geographies_2025
2025-03-06,zip,94933,94933,distressed,cdi_distressed_geographies_2025
2025-03-06,zip,95041,95041,distressed,cdi_distressed_geographies_2025
2025-03-06,zip,95309,95309,distressed,cdi_distressed_geographies_2025
2025-03-06,zip,90077,90077,distressed,cdi_distressed_geographies_2025
2025-03-06,zip,92066,92066,distressed,cdi_distressed_geographies_2025
2025-03-06,zip,92549,92549,distressed,cdi_distressed_geographies_2025
2025-03-06,zip,93222,93222,distressed,cdi_distressed_geographies_2025
2025-03-06,zip,93445,93445,distressed,cdi_distressed_geographies_2025
2025-03-06,zip,93621,93621,distressed,cdi_distressed_geographies_2025
2025-03-06,zip,93933,93933,distressed,cdi_distressed_geographies_2025
2025-03-06,zip,94937,94937,distressed,cdi_distressed_geographies_2025
2025-03-06,zip,95043,95043,distressed,cdi_distressed_geographies_2025
2025-03-06,zip,95310,95310,distressed,cdi_distressed_geographies_2025
2025-03-06,zip,90210,90210,distressed,cdi_distressed_geographies_2025
2025-03-06,zip,92070,92070,distressed,cdi_distressed_geographies_2025
2025-03-06,zip,92561,92561,distressed,cdi_distressed_geographies_2025
2025-03-06,zip,93224,93224,distressed,cdi_distressed_geographies_2025
2025-03-06,zip,93446,93446,distressed,cdi_distressed_geographies_2025
2025-03-06,zip,93623,93623,distressed,cdi_distressed_geographies_2025
2025-03-06,zip,93940,93940,distressed,cdi_distressed_geographies_2025
2025-03-06,zip,94938,94938,distressed,cdi_distressed_geographies_2025
2025-03-06,zip,95060,95060,distressed,cdi_distressed_geographies_2025
2025-03-06,zip,95311,95311,distressed,cdi_distressed_geographies_2025
2025-03-06,zip,90263,90263,distressed,cdi_distressed_geographies_2025
2025-03-06,zip,92082,92082,distressed,cdi_distressed_geographies_2025
2025-03-06,zip,92590,92590,distressed,cdi_distressed_geographies_2025
2025-03-06,zip,93225,93225,distressed,cdi_distressed_geographies_2025
2025-03-06,zip,93447,93447,distressed,cdi_distressed_geographies_2025
2025-03-06,zip,93628,93628,distressed,cdi_distressed_geographies_2025
2025-03-06,zip,93950,93950,distressed,cdi_distressed_geographies_2025
2025-03-06,zip,94939,94939,distressed,cdi_distressed_geographies_2025
2025-03-06,zip,95061,95061,distressed,cdi_distressed_geographies_2025
2025-03-06,zip,95318,95318,distressed,cdi_distressed_geographies_2025
2025-03-06,zip,90265,90265,distressed,cdi_distressed_geographies_2025
2025-03-06,zip,92086,92086,distressed,cdi_distressed_geographies_2025
2025-03-06,zip,92676,92676,distressed,cdi_distressed_geographies_2025
2025-03-06,zip,93226,93226,distressed,cdi_distressed_geographies_2025
2025-03-06,zip,93448,93448,distressed,cdi_distressed_geographies_2025
2025-03-06,zip,93633,93633,distressed,cdi_distressed_geographies_2025
2025-03-06,zip,93953,93953,distressed,cdi_distressed_geographies_2025
2025-03-06,zip,94940,94940,distressed,cdi_distressed_geographies_2025
2025-03-06,zip,95062,95062,distressed,cdi_distressed_geographies_2025
2025-03-06,zip,95321,95321,distressed,cdi_distressed_geographies_2025
2025-03-06,zip,90290,90290,distressed,cdi_distressed_geographies_2025
2025-03-06,zip,92230,92230,distressed,cdi_distressed_geographies_2025
2025-03-06,zip,92678,92678,distressed,cdi_distressed_geographies_2025
2025-03-06,zip,93238,93238,distressed,cdi_distressed_geographies_2025
2025-03-06,zip,93449,93449,distressed,cdi_distressed_geographies_2025
2025-03-06,zip,93634,93634,distressed,cdi_distressed_geographies_2025
2025-03-06,zip,93954,93954,distressed,cdi_distressed_geographies_2025
2025-03-06,zip,94941,94941,distressed,cdi_distressed_geographies_2025
2025-03-06,zip,95063,95063,distressed,cdi_distressed_geographies_2025
2025-03-06,zip,95325,95325,distressed,cdi_distressed_geographies_2025
2025-03-06,zip,90704,90704,distressed,cdi_distressed_geographies_2025
2025-03-06,zip,92239,92239,distressed,cdi_distressed_geographies_2025
2025-03-06,zip,93001,93001,distressed,cdi_distressed_geographies_2025
2025-03-06,zip,93240,93240,distressed,cdi_distressed_geographies_2025
2025-03-06,zip,93450,93450,distressed,cdi_distressed_geographies_2025
2025-03-06,zip,93636,93636,distressed,cdi_distressed_geographies_2025
2025-03-06,zip,93955,93955,distressed,cdi_distressed_geographies_2025
2025-03-06,zip,94942,94942,distressed,cdi_distressed_geographies_2025
2025-03-06,zip,95064,95064,distressed,cdi_distressed_geographies_2025
2025-03-06,zip,95327,95327,distressed,cdi_distressed_geographies_2025
2025-03-06,zip,91008,91008,distressed,cdi_distressed_geographies_2025
2025-03-06,zip,92256,92256,distressed,cdi_distressed_geographies_2025
2025-03-06,zip,93002,93002,distressed,cdi_distressed_geographies_2025
2025-03-06,zip,93243,93243,distressed,cdi_distressed_geographies_2025
2025-03-06,zip,93451,93451,distressed,cdi_distressed_geographies_2025
2025-03-06,zip,93637,93637,distressed,cdi_distressed_geographies_2025
2025-03-06,zip,93960,93960,distressed,cdi_distressed_geographies_2025
2025-03-06,zip,94945,94945,distressed,cdi_distressed_geographies_2025
2025-03-06,zip,95065,95065,distressed,cdi_distressed_geographies_2025
2025-03-06,zip,95329,95329,distressed,cdi_distressed_geographies_2025
2025-03-06,zip,91023,91023,distressed,cdi_distressed_geographies_2025
2025-03-06,zip,92266,92266,distressed,cdi_distressed_geographies_2025
2025-03-06,zip,93003,93003,distressed,cdi_distressed_geographies_2025
2025-03-06,zip,93251,93251,distressed,cdi_distressed_geographies_2025
2025-03-06,zip,93452,93452,distressed,cdi_distressed_geographies_2025
2025-03-06,zip,93638,93638,distressed,cdi_distressed_geographies_2025
2025-03-06,zip,93962,93962,distressed,cdi_distressed_geographies_2025
2025-03-06,zip,94946,94946,distressed,cdi_distressed_geographies_2025
2025-03-06,zip,95066,95066,distressed,cdi_distressed_geographies_2025
2025-03-06,zip,95335,95335,distressed,cdi_distressed_geographies_2025
2025-03-06,zip,91302,91302,distressed,cdi_distressed_geographies_2025
2025-03-06,zip,92282,92282,distressed,cdi_distressed_geographies_2025
2025-03-06,zip,93004,93004,distressed,cdi_distressed_geographies_2025
2025-03-06,zip,93252,93252,distressed,cdi_distressed_geographies_2025
2025-03-06,zip,93453,93453,distressed,cdi_distressed_geographies_2025
2025-03-06,zip,93641,93641,distressed,cdi_distressed_geographies_2025
2025-03-06,zip,94020,94020,distressed,cdi_distressed_geographies_2025
2025-03-06,zip,94947,94947,distressed,cdi_distressed_geographies_2025
2025-03-06,zip,95073,95073,distressed,cdi_distressed_geographies_2025
2025-03-06,zip,95338,95338,distressed,cdi_distressed_geographies_2025
2025-03-06,zip,91320,91320,distressed,cdi_distressed_geographies_2025
2025-03-06,zip,92285,92285,distressed,cdi_distressed_geographies_2025
2025-03-06,zip,93009,93009,distressed,cdi_distressed_geographies_2025
2025-03-06,zip,93255,93255,distressed,cdi_distressed_geographies_2025
2025-03-06,zip,93461,93461,distressed,cdi_distressed_geographies_2025
2025-03-06,zip,93643,93643,distressed,cdi_distressed_geographies_2025
2025-03-06,zip,94021,94021,distressed,cdi_distressed_geographies_2025
2025-03-06,zip,94949,94949,distressed,cdi_distressed_geographies_2025
2025-03-06,zip,95076,95076,distressed,cdi_distressed_geographies_2025
2025-03-06,zip,95345,95345,distressed,cdi_distressed_geographies_2025
2025-03-06,zip,91360,91360,distressed,cdi_distressed_geographies_2025
2025-03-06,zip,92305,92305,distressed,cdi_distressed_geographies_2025
2025-03-06,zip,93010,93010,distressed,cdi_distressed_geographies_2025
2025-03-06,zip,93260,93260,distressed,cdi_distressed_geographies_2025
2025-03-06,zip,93465,93465,distressed,cdi_distressed_geographies_2025
2025-03-06,zip,93644,93644,distressed,cdi_distressed_geographies_2025
2025-03-06,zip,94060,94060,distressed,cdi_distressed_geographies_2025
2025-03-06,zip,94950,94950,distressed,cdi_distressed_geographies_2025
2025-03-06,zip,95141,95141,distressed,cdi_distressed_geographies_2025
2025-03-06,zip,95346,95346,distressed,cdi_distressed_geographies_2025
2025-03-06,zip,91361,91361,distressed,cdi_distressed_geographies_2025
2025-03-06,zip,92314,92314,distressed,cdi_distressed_geographies_2025
2025-03-06,zip,93011,93011,distressed,cdi_distressed_geographies_2025
2025-03-06,zip,93262,93262,distressed,cdi_distressed_geographies_2025
2025-03-06,zip,93510,93510,distressed,cdi_distressed_geographies_2025
2025-03-06,zip,93645,93645,distressed,cdi_distressed_geographies_2025
2025-03-06,zip,94074,94074,distressed,cdi_distressed_geographies_2025
2025-03-06,zip,94956,94956,distressed,cdi_distressed_geographies_2025
2025-03-06,zip,95221,95221,distressed,cdi_distressed_geographies_2025
2025-03-06,zip,95347,95347,distressed,cdi_distressed_geographies_2025
2025-03-06,zip,91362,91362,distressed,cdi_distressed_geographies_2025
2025-03-06,zip,92315,92315,distressed,cdi_distressed_geographies_2025
2025-03-06,zip,93012,93012,distressed,cdi_distressed_geographies_2025
2025-03-06,zip,93265,93265,distressed,cdi_distressed_geographies_2025
2025-03-06,zip,93512,93512,distressed,cdi_distressed_geographies_2025
2025-03-06,zip,93651,93651,distressed,cdi_distressed_geographies_2025
2025-03-06,zip,94503,94503,distressed,cdi_distressed_geographies_2025
2025-03-06,zip,94957,94957,distressed,cdi_distressed_geographies_2025
2025-03-06,zip,95222,95222,distressed,cdi_distressed_geographies_2025
2025-03-06,zip,95364,95364,distressed,cdi_distressed_geographies_2025
2025-03-06,zip,91377,91377,distressed,cdi_distressed_geographies_2025
2025-03-06,zip,92317,92317,distressed,cdi_distressed_geographies_2025
2025-03-06,zip,93015,93015,distressed,cdi_distressed_geographies_2025
2025-03-06,zip,93271,93271,distressed,cdi_distressed_geographies_2025
2025-03-06,zip,93517,93517,distressed,cdi_distressed_geographies_2025
2025-03-06,zip,93653,93653,distressed,cdi_distressed_geographies_2025
2025-03-06,zip,94508,94508,distressed,cdi_distressed_geographies_2025
2025-03-06,zip,94960,94960,distressed,cdi_distressed_geographies_2025
2025-03-06,zip,95223,95223,distressed,cdi_distressed_geographies_2025
2025-03-06,zip,95369,95369,distressed,cdi_distressed_geographies_2025
2025-03-06,zip,91384,91384,distressed,cdi_distressed_geographies_2025
2025-03-06,zip,92321,92321,distressed,cdi_distressed_geographies_2025
2025-03-06,zip,93021,93021,distressed,cdi_distressed_geographies_2025
2025-03-06,zip,93283,93283,distressed,cdi_distressed_geographies_2025
2025-03-06,zip,93518,93518,distressed,cdi_distressed_geographies_2025
2025-03-06,zip,93664,93664,distressed,cdi_distressed_geographies_2025
2025-03-06,zip,94515,94515,distressed,cdi_distressed_geographies_2025
2025-03-06,zip,94963,94963,distressed,cdi_distressed_geographies_2025
2025-03-06,zip,95224,95224,distressed,cdi_distressed_geographies_2025
2025-03-06,zip,95370,95370,distressed,cdi_distressed_geographies_2025
2025-03-06,zip,91390,91390,distressed,cdi_distressed_geographies_2025
2025-03-06,zip,92322,92322,distressed,cdi_distressed_geographies_2025
2025-03-06,zip,93022,93022,distressed,cdi_distressed_geographies_2025
2025-03-06,zip,93285,93285,distressed,cdi_distressed_geographies_2025
2025-03-06,zip,93522,93522,distressed,cdi_distressed_geographies_2025
2025-03-06,zip,93667,93667,distressed,cdi_distressed_geographies_2025
2025-03-06,zip,94516,94516,distressed,cdi_distressed_geographies_2025
2025-03-06,zip,94964,94964,distressed,cdi_distressed_geographies_2025
2025-03-06,zip,95225,95225,distressed,cdi_distressed_geographies_2025
2025-03-06,zip,95372,95372,distressed,cdi_distressed_geographies_2025
2025-03-06,zip,91759,91759,distressed,cdi_distressed_geographies_2025
2025-03-06,zip,92325,92325,distressed,cdi_distressed_geographies_2025
2025-03-06,zip,93023,93023,distressed,cdi_distressed_geographies_2025
2025-03-06,zip,93287,93287,distressed,cdi_distressed_geographies_2025
2025-03-06,zip,93529,93529,distressed,cdi_distressed_geographies_2025
2025-03-06,zip,93669,93669,distressed,cdi_distressed_geographies_2025
2025-03-06,zip,94558,94558,distressed,cdi_distressed_geographies_2025
2025-03-06,zip,94965,94965,distressed,cdi_distressed_geographies_2025
2025-03-06,zip,95226,95226,distressed,cdi_distressed_geographies_2025
2025-03-06,zip,95375,95375,distressed,cdi_distressed_geographies_2025
2025-03-06,zip,91901,91901,distressed,cdi_distressed_geographies_2025
2025-03-06,zip,92333,92333,distressed,cdi_distressed_geographies_2025
2025-03-06,zip,93024,93024,distressed,cdi_distressed_geographies_2025
2025-03-06,zip,93401,93401,distressed,cdi_distressed_geographies_2025
2025-03-06,zip,93531,93531,distressed,cdi_distressed_geographies_2025
2025-03-06,zip,93675,93675,distressed,cdi_distressed_geographies_2025
2025-03-06,zip,94559,94559,distressed,cdi_distressed_geographies_2025
2025-03-06,zip,94966,94966,distressed,cdi_distressed_geographies_2025
2025-03-06,zip,95228,95228,distressed,cdi_distressed_geographies_2025
2025-03-06,zip,95379,95379,distressed,cdi_distressed_geographies_2025
2025-03-06,zip,91905,91905,distressed,cdi_distressed_geographies_2025
2025-03-06,zip,92339,92339,distressed,cdi_distressed_geographies_2025
2025-03-06,zip,93030,93030,distressed,cdi_distressed_geographies_2025
2025-03-06,zip,93402,93402,distressed,cdi_distressed_geographies_2025
2025-03-06,zip,93532,93532,distressed,cdi_distressed_geographies_2025
2025-03-06,zip,93901,93901,distressed,cdi_distressed_geographies_2025
2025-03-06,zip,94562,94562,distressed,cdi_distressed_geographies_2025
2025-03-06,zip,94970,94970,distressed,cdi_distressed_geographies_2025
2025-03-06,zip,95229,95229,distressed,cdi_distressed_geographies_2025
2025-03-06,zip,95383,95383,distressed,cdi_distressed_geographies_2025
2025-03-06,zip,91906,91906,distressed,cdi_distressed_geographies_2025
2025-03-06,zip,92341,92341,distressed,cdi_distressed_geographies_2025
2025-03-06,zip,93033,93033,distressed,cdi_distressed_geographies_2025
2025-03-06,zip,93405,93405,distressed,cdi_distressed_geographies_2025
2025-03-06,zip,93541,93541,distressed,cdi_distressed_geographies_2025
2025-03-06,zip,93905,93905,distressed,cdi_distressed_geographies_2025
2025-03-06,zip,94567,94567,distressed,cdi_distressed_geographies_2025
2025-03-06,zip,94971,94971,distressed,cdi_distressed_geographies_2025
2025-03-06,zip,95232,95232,distressed,cdi_distressed_geographies_2025
2025-03-06,zip,95387,95387,distressed,cdi_distressed_geographies_2025
2025-03-06,zip,91916,91916,distressed,cdi_distressed_geographies_2025
2025-03-06,zip,92352,92352,distressed,cdi_distressed_geographies_2025
2025-03-06,zip,93035,93035,distressed,cdi_distressed_geographies_2025
2025-03-06,zip,93412,93412,distressed,cdi_distressed_geographies_2025
2025-03-06,zip,93544,93544,distressed,cdi_distressed_geographies_2025
2025-03-06,zip,93906,93906,distressed,cdi_distressed_geographies_2025
2025-03-06,zip,94573,94573,distressed,cdi_distressed_geographies_2025
2025-03-06,zip,94973,94973,distressed,cdi_distressed_geographies_2025
2025-03-06,zip,95233,95233,distressed,cdi_distressed_geographies_2025
2025-03-06,zip,95389,95389,distressed,cdi_distressed_geographies_2025
2025-03-06,zip,91917,91917,distressed,cdi_distressed_geographies_2025
2025-03-06,zip,92356,92356,distressed,cdi_distressed_geographies_2025
2025-03-06,zip,93036,93036,distressed,cdi_distressed_geographies_2025
2025-03-06,zip,93420,93420,distressed,cdi_distressed_geographies_2025
2025-03-06,zip,93546,93546,distressed,cdi_distressed_geographies_2025
2025-03-06,zip,93907,93907,distressed,cdi_distressed_geographies_2025
2025-03-06,zip,94574,94574,distressed,cdi_distressed_geographies_2025
2025-03-06,zip,95003,95003,distressed,cdi_distressed_geographies_2025
2025-03-06,zip,95245,95245,distressed,cdi_distressed_geographies_2025
2025-03-06,zip,95410,95410,distressed,cdi_distressed_geographies_2025
2025-03-06,zip,91931,91931,distressed,cdi_distressed_geographies_2025
2025-03-06,zip,92358,92358,distressed,cdi_distressed_geographies_2025
2025-03-06,zip,93040,93040,distressed,cdi_distressed_geographies_2025
2025-03-06,zip,93421,93421,distressed,cdi_distressed_geographies_2025
2025-03-06,zip,93549,93549,distressed,cdi_distressed_geographies_2025
2025-03-06,zip,93908,93908,distressed,cdi_distressed_geographies_2025
2025-03-06,zip,94576,94576,distressed,cdi_distressed_geographies_2025
2025-03-06,zip,95004,95004,distressed,cdi_distressed_geographies_2025
2025-03-06,zip,95246,95246,distressed,cdi_distressed_geographies_2025
2025-03-06,zip,95412,95412,distressed,cdi_distressed_geographies_2025
2025-03-06,zip,91934,91934,distressed,cdi_distressed_geographies_2025
2025-03-06,zip,92371,92371,distressed,cdi_distressed_geographies_2025
2025-03-06,zip,93041,93041,distressed,cdi_distressed_geographies_2025
2025-03-06,zip,93422,93422,distressed,cdi_distressed_geographies_2025
2025-03-06,zip,93553,93553,distressed,cdi_distressed_geographies_2025
2025-03-06,zip,93920,93920,distressed,cdi_distressed_geographies_2025
2025-03-06,zip,94581,94581,distressed,cdi_distressed_geographies_2025
2025-03-06,zip,95005,95005,distressed,cdi_distressed_geographies_2025
2025-03-06,zip,95247,95247,distressed,cdi_distressed_geographies_2025
2025-03-06,zip,95415,95415,distressed,cdi_distressed_geographies_2025
2025-03-06,zip,91935,91935,distressed,cdi_distressed_geographies_2025
2025-03-06,zip,92372,92372,distressed,cdi_distressed_geographies_2025
2025-03-06,zip,93060,93060,distressed,cdi_distressed_geographies_2025
2025-03-06,zip,93423,93423,distressed,cdi_distressed_geographies_2025
2025-03-06,zip,93558,93558,distressed,cdi_distressed_geographies_2025
2025-03-06,zip,93921,93921,distressed,cdi_distressed_geographies_2025
2025-03-06,zip,94599,94599,distressed,cdi_distressed_geographies_2025
2025-03-06,zip,95006,95006,distressed,cdi_distressed_geographies_2025
2025-03-06,zip,95248,95248,distressed,cdi_distressed_geographies_2025
2025-03-06,zip,95417,95417,distressed,cdi_distressed_geographies_2025
2025-03-06,zip,91948,91948,distressed,cdi_distressed_geographies_2025
2025-03-06,zip,92378,92378,distressed,cdi_distressed_geographies_2025
2025-03-06,zip,93061,93061,distressed,cdi_distressed_geographies_2025
2025-03-06,zip,93424,93424,distressed,cdi_distressed_geographies_2025
2025-03-06,zip,93561,93561,distressed,cdi_distressed_geographies_2025
2025-03-06,zip,93922,93922,distressed,cdi_distressed_geographies_2025
2025-03-06,zip,94901,94901,distressed,cdi_distressed_geographies_2025
2025-03-06,zip,95007,95007,distressed,cdi_distressed_geographies_2025
2025-03-06,zip,95249,95249,distressed,cdi_distressed_geographies_2025
2025-03-06,zip,95418,95418,distressed,cdi_distressed_geographies_2025
2025-03-06,zip,91962,91962,distressed,cdi_distressed_geographies_2025
2025-03-06,zip,92382,92382,distressed,cdi_distressed_geographies_2025
2025-03-06,zip,93062,93062,distressed,cdi_distressed_geographies_2025
2025-03-06,zip,93426,93426,distressed,cdi_distressed_geographies_2025
2025-03-06,zip,93563,93563,distressed,cdi_distressed_geographies_2025
2025-03-06,zip,93923,93923,distressed,cdi_distressed_geographies_2025
2025-03-06,zip,94903,94903,distressed,cdi_distressed_geographies_2025
2025-03-06,zip,95010,95010,distressed,cdi_distressed_geographies_2025
2025-03-06,zip,95251,95251,distressed,cdi_distressed_geographies_2025
2025-03-06,zip,95420,95420,distressed,cdi_distressed_geographies_2025
2025-03-06,zip,91963,91963,distressed,cdi_distressed_geographies_2025
2025-03-06,zip,92385,92385,distressed,cdi_distressed_geographies_2025
2025-03-06,zip,93063,93063,distressed,cdi_distressed_geographies_2025
2025-03-06,zip,93428,93428,distressed,cdi_distressed_geographies_2025
2025-03-06,zip,93601,93601,distressed,cdi_distressed_geographies_2025
2025-03-06,zip,93924,93924,distressed,cdi_distressed_geographies_2025
2025-03-06,zip,94904,94904,distressed,cdi_distressed_geographies_2025
2025-03-06,zip,95012,95012,distressed,cdi_distressed_geographies_2025
2025-03-06,zip,95252,95252,distressed,cdi_distressed_geographies_2025
2025-03-06,zip,95422,95422,distressed,cdi_distressed_geographies_2025
2025-03-06,zip,91980,91980,distressed,cdi_distressed_geographies_2025
2025-03-06,zip,92386,92386,distressed,cdi_distressed_geographies_2025
2025-03-06,zip,93064,93064,distressed,cdi_distressed_geographies_2025
2025-03-06,zip,93430,93430,distressed,cdi_distressed_geographies_2025
2025-03-06,zip,93602,93602,distressed,cdi_distressed_geographies_2025
2025-03-06,zip,93925,93925,distressed,cdi_distressed_geographies_2025
2025-03-06,zip,94920,94920,distressed,cdi_distressed_geographies_2025
2025-03-06,zip,95017,95017,distressed,cdi_distressed_geographies_2025
2025-03-06,zip,95254,95254,distressed,cdi_distressed_geographies_2025
2025-03-06,zip,95423,95423,distressed,cdi_distressed_geographies_2025
2025-03-06,zip,92036,92036,distressed,cdi_distressed_geographies_2025
2025-03-06,zip,92391,92391,distressed,cdi_distressed_geographies_2025
2025-03-06,zip,93065,93065,distressed,cdi_distressed_geographies_2025
2025-03-06,zip,93432,93432,distressed,cdi_distressed_geographies_2025
2025-03-06,zip,93603,93603,distressed,cdi_distressed_geographies_2025
2025-03-06,zip,93926,93926,distressed,cdi_distressed_geographies_2025
2025-03-06,zip,94924,94924,distressed,cdi_distressed_geographies_2025
2025-03-06,zip,95018,95018,distressed,cdi_distressed_geographies_2025
2025-03-06,zip,95255,95255,distressed,cdi_distressed_geographies_2025
2025-03-06,zip,95424,95424,distressed,cdi_distressed_geographies_2025
2025-03-06,zip,92059,92059,distressed,cdi_distressed_geographies_2025
2025-03-06,zip,92397,92397,distressed,cdi_distressed_geographies_2025
2025-03-06,zip,93066,93066,distressed,cdi_distressed_geographies_2025
2025-03-06,zip,93433,93433,distressed,cdi_distressed_geographies_2025
2025-03-06,zip,93604,93604,distressed,cdi_distressed_geographies_2025
2025-03-06,zip,93927,93927,distressed,cdi_distressed_geographies_2025
2025-03-06,zip,94925,94925,distressed,cdi_distressed_geographies_2025
2025-03-06,zip,95019,95019,distressed,cdi_distressed_geographies_2025
2025-03-06,zip,95257,95257,distressed,cdi_distressed_geographies_2025
2025-03-06,zip,95426,95426,distressed,cdi_distressed_geographies_2025
2025-03-06,zip,95814,95814,distressed,cdi_distressed_geographies_2025
2025-03-06,zip,95427,95427,distressed,cdi_distressed_geographies_2025
2025-03-06,zip,95501,95501,distressed,cdi_distressed_geographies_2025
2025-03-06,zip,95563,95563,distressed,cdi_distressed_geographies_2025
2025-03-06,zip,95651,95651,distressed,cdi_distressed_geographies_2025
2025-03-06,zip,95728,95728,distressed,cdi_distressed_geographies_2025
2025-03-06,zip,95947,95947,distressed,cdi_distressed_geographies_2025
2025-03-06,zip,96011,96011,distressed,cdi_distressed_geographies_2025
2025-03-06,zip,96055,96055,distressed,cdi_distressed_geographies_2025
2025-03-06,zip,96101,96101,distressed,cdi_distressed_geographies_2025
2025-03-06,zip,96140,96140,distressed,cdi_distressed_geographies_2025
2025-03-06,zip,95428,95428,distressed,cdi_distressed_geographies_2025
2025-03-06,zip,95503,95503,distressed,cdi_distressed_geographies_2025
2025-03-06,zip,95564,95564,distressed,cdi_distressed_geographies_2025
2025-03-06,zip,95656,95656,distressed,cdi_distressed_geographies_2025
2025-03-06,zip,95735,95735,distressed,cdi_distressed_geographies_2025
2025-03-06,zip,95948,95948,distressed,cdi_distressed_geographies_2025
2025-03-06,zip,96013,96013,distressed,cdi_distressed_geographies_2025
2025-03-06,zip,96056,96056,distressed,cdi_distressed_geographies_2025
2025-03-06,zip,96103,96103,distressed,cdi_distressed_geographies_2025
2025-03-06,zip,96141,96141,distressed,cdi_distressed_geographies_2025
2025-03-06,zip,95429,95429,distressed,cdi_distressed_geographies_2025
2025-03-06,zip,95511,95511,distressed,cdi_distressed_geographies_2025
2025-03-06,zip,95565,95565,distressed,cdi_distressed_geographies_2025
2025-03-06,zip,95658,95658,distressed,cdi_distressed_geographies_2025
2025-03-06,zip,95736,95736,distressed,cdi_distressed_geographies_2025
2025-03-06,zip,95949,95949,distressed,cdi_distressed_geographies_2025
2025-03-06,zip,96014,96014,distressed,cdi_distressed_geographies_2025
2025-03-06,zip,96057,96057,distressed,cdi_distressed_geographies_2025
2025-03-06,zip,96104,96104,distressed,cdi_distressed_geographies_2025
2025-03-06,zip,96142,96142,distressed,cdi_distressed_geographies_2025
2025-03-06,zip,95432,95432,distressed,cdi_distressed_geographies_2025
2025-03-06,zip,95514,95514,distressed,cdi_distressed_geographies_2025
2025-03-06,zip,95567,95567,distressed,cdi_distressed_geographies_2025
2025-03-06,zip,95661,95661,distressed,cdi_distressed_geographies_2025
2025-03-06,zip,95746,95746,distressed,cdi_distressed_geographies_2025
2025-03-06,zip,95954,95954,distressed,cdi_distressed_geographies_2025
2025-03-06,zip,96015,96015,distressed,cdi_distressed_geographies_2025
2025-03-06,zip,96058,96058,distressed,cdi_distressed_geographies_2025
2025-03-06,zip,96105,96105,distressed,cdi_distressed_geographies_2025
2025-03-06,zip,96143,96143,distressed,cdi_distressed_geographies_2025
2025-03-06,zip,95435,95435,distressed,cdi_distressed_geographies_2025
2025-03-06,zip,95519,95519,distressed,cdi_distressed_geographies_2025
2025-03-06,zip,95568,95568,distressed,cdi_distressed_geographies_2025
2025-03-06,zip,95663,95663,distressed,cdi_distressed_geographies_2025
2025-03-06,zip,95747,95747,distressed,cdi_distressed_geographies_2025
2025-03-06,zip,95956,95956,distressed,cdi_distressed_geographies_2025
2025-03-06,zip,96016,96016,distressed,cdi_distressed_geographies_2025
2025-03-06,zip,96059,96059,distressed,cdi_distressed_geographies_2025
2025-03-06,zip,96106,96106,distressed,cdi_distressed_geographies_2025
2025-03-06,zip,96145,96145,distressed,cdi_distressed_geographies_2025
2025-03-06,zip,95437,95437,distressed,cdi_distressed_geographies_2025
2025-03-06,zip,95521,95521,distressed,cdi_distressed_geographies_2025
2025-03-06,zip,95569,95569,distressed,cdi_distressed_geographies_2025
2025-03-06,zip,95664,95664,distressed,cdi_distressed_geographies_2025
2025-03-06,zip,95762,95762,distressed,cdi_distressed_geographies_2025
2025-03-06,zip,95958,95958,distressed,cdi_distressed_geographies_2025
2025-03-06,zip,96017,96017,distressed,cdi_distressed_geographies_2025
2025-03-06,zip,96061,96061,distressed,cdi_distressed_geographies_2025
2025-03-06,zip,96107,96107,distressed,cdi_distressed_geographies_2025
2025-03-06,zip,96146,96146,distressed,cdi_distressed_geographies_2025
2025-03-06,zip,95441,95441,distressed,cdi_distressed_geographies_2025
2025-03-06,zip,95524,95524,distressed,cdi_distressed_geographies_2025
2025-03-06,zip,95570,95570,distressed,cdi_distressed_geographies_2025
2025-03-06,zip,95665,95665,distressed,cdi_distressed_geographies_2025
2025-03-06,zip,95765,95765,distressed,cdi_distressed_geographies_2025
2025-03-06,zip,95959,95959,distressed,cdi_distressed_geographies_2025
2025-03-06,zip,96019,96019,distressed,cdi_distressed_geographies_2025
2025-03-06,zip,96062,96062,distressed,cdi_distressed_geographies_2025
2025-03-06,zip,96108,96108,distressed,cdi_distressed_geographies_2025
2025-03-06,zip,96148,96148,distressed,cdi_distressed_geographies_2025
2025-03-06,zip,95443,95443,distressed,cdi_distressed_geographies_2025
2025-03-06,zip,95525,95525,distressed,cdi_distressed_geographies_2025
2025-03-06,zip,95571,95571,distressed,cdi_distressed_geographies_2025
2025-03-06,zip,95666,95666,distressed,cdi_distressed_geographies_2025
2025-03-06,zip,95910,95910,distressed,cdi_distressed_geographies_2025
2025-03-06,zip,95960,95960,distressed,cdi_distressed_geographies_2025
2025-03-06,zip,96020,96020,distressed,cdi_distressed_geographies_2025
2025-03-06,zip,96063,96063,distressed,cdi_distressed_geographies_2025
2025-03-06,zip,96109,96109,distressed,cdi_distressed_geographies_2025
2025-03-06,zip,96150,96150,distressed,cdi_distressed_geographies_2025
2025-03-06,zip,95445,95445,distressed,cdi_distressed_geographies_2025
2025-03-06,zip,95526,95526,distressed,cdi_distressed_geographies_2025
2025-03-06,zip,95573,95573,distressed,cdi_distressed_geographies_2025
2025-03-06,zip,95667,95667,distressed,cdi_distressed_geographies_2025
2025-03-06,zip,95914,95914,distressed,cdi_distressed_geographies_2025
2025-03-06,zip,95962,95962,distressed,cdi_distressed_geographies_2025
2025-03-06,zip,96021,96021,distressed,cdi_distressed_geographies_2025
2025-03-06,zip,96064,96064,distressed,cdi_distressed_geographies_2025
2025-03-06,zip,96110,96110,distressed,cdi_distressed_geographies_2025
2025-03-06,zip,96151,96151,distressed,cdi_distressed_geographies_2025
2025-03-06,zip,95449,95449,distressed,cdi_distressed_geographies_2025
2025-03-06,zip,95527,95527,distressed,cdi_distressed_geographies_2025
2025-03-06,zip,95585,95585,distressed,cdi_distressed_geographies_2025
2025-03-06,zip,95669,95669,distressed,cdi_distressed_geographies_2025
2025-03-06,zip,95915,95915,distressed,cdi_distressed_geographies_2025
2025-03-06,zip,95965,95965,distressed,cdi_distressed_geographies_2025
2025-03-06,zip,96022,96022,distressed,cdi_distressed_geographies_2025
2025-03-06,zip,96065,96065,distressed,cdi_distressed_geographies_2025
2025-03-06,zip,96111,96111,distressed,cdi_distressed_geographies_2025
2025-03-06,zip,96152,96152,distressed,cdi_distressed_geographies_2025
2025-03-06,zip,95450,95450,distressed,cdi_distressed_geographies_2025
2025-03-06,zip,95528,95528,distressed,cdi_distressed_geographies_2025
2025-03-06,zip,95587,95587,distressed,cdi_distressed_geographies_2025
2025-03-06,zip,95672,95672,distressed,cdi_distressed_geographies_2025
2025-03-06,zip,95916,95916,distressed,cdi_distressed_geographies_2025
2025-03-06,zip,95966,95966,distressed,cdi_distressed_geographies_2025
2025-03-06,zip,96023,96023,distressed,cdi_distressed_geographies_2025
2025-03-06,zip,96067,96067,distressed,cdi_distressed_geographies_2025
2025-03-06,zip,96112,96112,distressed,cdi_distressed_geographies_2025
2025-03-06,zip,96155,96155,distressed,cdi_distressed_geographies_2025
2025-03-06,zip,95451,95451,distressed,cdi_distressed_geographies_2025
2025-03-06,zip,95531,95531,distressed,cdi_distressed_geographies_2025
2025-03-06,zip,95589,95589,distressed,cdi_distressed_geographies_2025
2025-03-06,zip,95675,95675,distressed,cdi_distressed_geographies_2025
2025-03-06,zip,95917,95917,distressed,cdi_distressed_geographies_2025
2025-03-06,zip,95967,95967,distressed,cdi_distressed_geographies_2025
2025-03-06,zip,96024,96024,distressed,cdi_distressed_geographies_2025
2025-03-06,zip,96068,96068,distressed,cdi_distressed_geographies_2025
2025-03-06,zip,96113,96113,distressed,cdi_distressed_geographies_2025
2025-03-06,zip,96156,96156,distressed,cdi_distressed_geographies_2025
2025-03-06,zip,95453,95453,distressed,cdi_distressed_geographies_2025
2025-03-06,zip,95536,95536,distressed,cdi_distressed_geographies_2025
2025-03-06,zip,95595,95595,distressed,cdi_distressed_geographies_2025
2025-03-06,zip,95677,95677,distressed,cdi_distressed_geographies_2025
2025-03-06,zip,95919,95919,distressed,cdi_distressed_geographies_2025
2025-03-06,zip,95968,95968,distressed,cdi_distressed_geographies_2025
2025-03-06,zip,96025,96025,distressed,cdi_distressed_geographies_2025
2025-03-06,zip,96069,96069,distressed,cdi_distressed_geographies_2025
2025-03-06,zip,96114,96114,distressed,cdi_distressed_geographies_2025
2025-03-06,zip,96158,96158,distressed,cdi_distressed_geographies_2025
2025-03-06,zip,95454,95454,distressed,cdi_distressed_geographies_2025
2025-03-06,zip,95537,95537,distressed,cdi_distressed_geographies_2025
2025-03-06,zip,95601,95601,distressed,cdi_distressed_geographies_2025
2025-03-06,zip,95678,95678,distressed,cdi_distressed_geographies_2025
2025-03-06,zip,95922,95922,distressed,cdi_distressed_geographies_2025
2025-03-06,zip,95969,95969,distressed,cdi_distressed_geographies_2025
2025-03-06,zip,96027,96027,distressed,cdi_distressed_geographies_2025
2025-03-06,zip,96071,96071,distressed,cdi_distressed_geographies_2025
2025-03-06,zip,96115,96115,distressed,cdi_distressed_geographies_2025
2025-03-06,zip,96160,96160,distressed,cdi_distressed_geographies_2025
2025-03-06,zip,95456,95456,distressed,cdi_distressed_geographies_2025
2025-03-06,zip,95538,95538,distressed,cdi_distressed_geographies_2025
2025-03-06,zip,95602,95602,distressed,cdi_distressed_geographies_2025
2025-03-06,zip,95679,95679,distressed,cdi_distressed_geographies_2025
2025-03-06,zip,95923,95923,distressed,cdi_distressed_geographies_2025
2025-03-06,zip,95971,95971,distressed,cdi_distressed_geographies_2025
2025-03-06,zip,96028,96028,distressed,cdi_distressed_geographies_2025
2025-03-06,zip,96073,96073,distressed,cdi_distressed_geographies_2025
2025-03-06,zip,96116,96116,distressed,cdi_distressed_geographies_2025
2025-03-06,zip,96161,96161,distressed,cdi_distressed_geographies_2025
2025-03-06,zip,95457,95457,distressed,cdi_distressed_geographies_2025
2025-03-06,zip,95540,95540,distressed,cdi_distressed_geographies_2025
2025-03-06,zip,95603,95603,distressed,cdi_distressed_geographies_2025
2025-03-06,zip,95681,95681,distressed,cdi_distressed_geographies_2025
2025-03-06,zip,95924,95924,distressed,cdi_distressed_geographies_2025
2025-03-06,zip,95972,95972,distressed,cdi_distressed_geographies_2025
2025-03-06,zip,96029,96029,distressed,cdi_distressed_geographies_2025
2025-03-06,zip,96074,96074,distressed,cdi_distressed_geographies_2025
2025-03-06,zip,96117,96117,distressed,cdi_distressed_geographies_2025
2025-03-06,zip,96162,96162,distressed,cdi_distressed_geographies_2025
2025-03-06,zip,95458,95458,distressed,cdi_distressed_geographies_2025
2025-03-06,zip,95542,95542,distressed,cdi_distressed_geographies_2025
2025-03-06,zip,95604,95604,distressed,cdi_distressed_geographies_2025
2025-03-06,zip,95682,95682,distressed,cdi_distressed_geographies_2025
2025-03-06,zip,95925,95925,distressed,cdi_distressed_geographies_2025
2025-03-06,zip,95973,95973,distressed,cdi_distressed_geographies_2025
2025-03-06,zip,96031,96031,distressed,cdi_distressed_geographies_2025
2025-03-06,zip,96075,96075,distressed,cdi_distressed_geographies_2025
2025-03-06,zip,96118,96118,distressed,cdi_distressed_geographies_2025
2025-03-06,zip,95459,95459,distressed,cdi_distressed_geographies_2025
2025-03-06,zip,95543,95543,distressed,cdi_distressed_geographies_2025
2025-03-06,zip,95607,95607,distressed,cdi_distressed_geographies_2025
2025-03-06,zip,95684,95684,distressed,cdi_distressed_geographies_2025
2025-03-06,zip,95926,95926,distressed,cdi_distressed_geographies_2025
2025-03-06,zip,95974,95974,distressed,cdi_distressed_geographies_2025
2025-03-06,zip,96032,96032,distressed,cdi_distressed_geographies_2025
2025-03-06,zip,96076,96076,distressed,cdi_distressed_geographies_2025
2025-03-06,zip,96119,96119,distressed,cdi_distressed_geographies_2025
2025-03-06,zip,95460,95460,distressed,cdi_distressed_geographies_2025
2025-03-06,zip,95545,95545,distressed,cdi_distressed_geographies_2025
2025-03-06,zip,95613,95613,distressed,cdi_distressed_geographies_2025
2025-03-06,zip,95685,95685,distressed,cdi_distressed_geographies_2025
2025-03-06,zip,95927,95927,distressed,cdi_distressed_geographies_2025
2025-03-06,zip,95975,95975,distressed,cdi_distressed_geographies_2025
2025-03-06,zip,96033,96033,distressed,cdi_distressed_geographies_2025
2025-03-06,zip,96078,96078,distressed,cdi_distressed_geographies_2025
2025-03-06,zip,96120,96120,distressed,cdi_distressed_geographies_2025
2025-03-06,zip,95461,95461,distressed,cdi_distressed_geographies_2025
2025-03-06,zip,95546,95546,distressed,cdi_distressed_geographies_2025
2025-03-06,zip,95614,95614,distressed,cdi_distressed_geographies_2025
2025-03-06,zip,95689,95689,distressed,cdi_distressed_geographies_2025
2025-03-06,zip,95928,95928,distressed,cdi_distressed_geographies_2025
2025-03-06,zip,95977,95977,distressed,cdi_distressed_geographies_2025
2025-03-06,zip,96034,96034,distressed,cdi_distressed_geographies_2025
2025-03-06,zip,96079,96079,distressed,cdi_distressed_geographies_2025
2025-03-06,zip,96121,96121,distressed,cdi_distressed_geographies_2025
2025-03-06,zip,95463,95463,distressed,cdi_distressed_geographies_2025
2025-03-06,zip,95547,95547,distressed,cdi_distressed_geographies_2025
2025-03-06,zip,95619,95619,distressed,cdi_distressed_geographies_2025
2025-03-06,zip,95699,95699,distressed,cdi_distressed_geographies_2025
2025-03-06,zip,95929,95929,distressed,cdi_distressed_geographies_2025
2025-03-06,zip,95978,95978,distressed,cdi_distressed_geographies_2025
2025-03-06,zip,96035,96035,distressed,cdi_distressed_geographies_2025
2025-03-06,zip,96080,96080,distressed,cdi_distressed_geographies_2025
2025-03-06,zip,96122,96122,distressed,cdi_distressed_geographies_2025
2025-03-06,zip,95464,95464,distressed,cdi_distressed_geographies_2025
2025-03-06,zip,95548,95548,distressed,cdi_distressed_geographies_2025
2025-03-06,zip,95623,95623,distressed,cdi_distressed_geographies_2025
2025-03-06,zip,95701,95701,distressed,cdi_distressed_geographies_2025
2025-03-06,zip,95930,95930,distressed,cdi_distressed_geographies_2025
2025-03-06,zip,95979,95979,distressed,cdi_distressed_geographies_2025
2025-03-06,zip,96037,96037,distressed,cdi_distressed_geographies_2025
2025-03-06,zip,96084,96084,distressed,cdi_distressed_geographies_2025
2025-03-06,zip,96123,96123,distressed,cdi_distressed_geographies_2025
2025-03-06,zip,95466,95466,distressed,cdi_distressed_geographies_2025
2025-03-06,zip,95549,95549,distressed,cdi_distressed_geographies_2025
2025-03-06,zip,95629,95629,distressed,cdi_distressed_geographies_2025
2025-03-06,zip,95703,95703,distressed,cdi_distressed_geographies_2025
2025-03-06,zip,95934,95934,distressed,cdi_distressed_geographies_2025
2025-03-06,zip,95980,95980,distressed,cdi_distressed_geographies_2025
2025-03-06,zip,96038,96038,distressed,cdi_distressed_geographies_2025
2025-03-06,zip,96085,96085,distressed,cdi_distressed_geographies_2025
2025-03-06,zip,96124,96124,distressed,cdi_distressed_geographies_2025
2025-03-06,zip,95467,95467,distressed,cdi_distressed_geographies_2025
2025-03-06,zip,95550,95550,distressed,cdi_distressed_geographies_2025
2025-03-06,zip,95631,95631,distressed,cdi_distressed_geographies_2025
2025-03-06,zip,95709,95709,distressed,cdi_distressed_geographies_2025
2025-03-06,zip,95935,95935,distressed,cdi_distressed_geographies_2025
2025-03-06,zip,95983,95983,distressed,cdi_distressed_geographies_2025
2025-03-06,zip,96039,96039,distressed,cdi_distressed_geographies_2025
2025-03-06,zip,96086,96086,distressed,cdi_distressed_geographies_2025
2025-03-06,zip,96125,96125,distressed,cdi_distressed_geographies_2025
2025-03-06,zip,95468,95468,distressed,cdi_distressed_geographies_2025
2025-03-06,zip,95551,95551,distressed,cdi_distressed_geographies_2025
2025-03-06,zip,95633,95633,distressed,cdi_distressed_geographies_2025
2025-03-06,zip,95712,95712,distressed,cdi_distressed_geographies_2025
2025-03-06,zip,95936,95936,distressed,cdi_distressed_geographies_2025
2025-03-06,zip,95984,95984,distressed,cdi_distressed_geographies_2025
2025-03-06,zip,96040,96040,distressed,cdi_distressed_geographies_2025
2025-03-06,zip,96087,96087,distressed,cdi_distressed_geographies_2025
2025-03-06,zip,96126,96126,distressed,cdi_distressed_geographies_2025
2025-03-06,zip,95469,95469,distressed,cdi_distressed_geographies_2025
2025-03-06,zip,95552,95552,distressed,cdi_distressed_geographies_2025
2025-03-06,zip,95634,95634,distressed,cdi_distressed_geographies_2025
2025-03-06,zip,95713,95713,distressed,cdi_distressed_geographies_2025
2025-03-06,zip,95937,95937,distressed,cdi_distressed_geographies_2025
2025-03-06,zip,95986,95986,distressed,cdi_distressed_geographies_2025
2025-03-06,zip,96041,96041,distressed,cdi_distressed_geographies_2025
2025-03-06,zip,96088,96088,distressed,cdi_distressed_geographies_2025
2025-03-06,zip,96128,96128,distressed,cdi_distressed_geographies_2025
2025-03-06,zip,95470,95470,distressed,cdi_distressed_geographies_2025
2025-03-06,zip,95553,95553,distressed,cdi_distressed_geographies_2025
2025-03-06,zip,95635,95635,distressed,cdi_distressed_geographies_2025
2025-03-06,zip,95714,95714,distressed,cdi_distressed_geographies_2025
2025-03-06,zip,95938,95938,distressed,cdi_distressed_geographies_2025
2025-03-06,zip,96001,96001,distressed,cdi_distressed_geographies_2025
2025-03-06,zip,96044,96044,distressed,cdi_distressed_geographies_2025
2025-03-06,zip,96089,96089,distressed,cdi_distressed_geographies_2025
2025-03-06,zip,96129,96129,distressed,cdi_distressed_geographies_2025
2025-03-06,zip,95481,95481,distressed,cdi_distressed_geographies_2025
2025-03-06,zip,95554,95554,distressed,cdi_distressed_geographies_2025
2025-03-06,zip,95636,95636,distressed,cdi_distressed_geographies_2025
2025-03-06,zip,95715,95715,distressed,cdi_distressed_geographies_2025
2025-03-06,zip,95939,95939,distressed,cdi_distressed_geographies_2025
2025-03-06,zip,96002,96002,distressed,cdi_distressed_geographies_2025
2025-03-06,zip,96046,96046,distressed,cdi_distressed_geographies_2025
2025-03-06,zip,96090,96090,distressed,cdi_distressed_geographies_2025
2025-03-06,zip,96130,96130,distressed,cdi_distressed_geographies_2025
2025-03-06,zip,95482,95482,distressed,cdi_distressed_geographies_2025
2025-03-06,zip,95555,95555,distressed,cdi_distressed_geographies_2025
2025-03-06,zip,95640,95640,distressed,cdi_distressed_geographies_2025
2025-03-06,zip,95717,95717,distressed,cdi_distressed_geographies_2025
2025-03-06,zip,95940,95940,distressed,cdi_distressed_geographies_2025
2025-03-06,zip,96003,96003,distressed,cdi_distressed_geographies_2025
2025-03-06,zip,96047,96047,distressed,cdi_distressed_geographies_2025
2025-03-06,zip,96091,96091,distressed,cdi_distressed_geographies_2025
2025-03-06,zip,96132,96132,distressed,cdi_distressed_geographies_2025
2025-03-06,zip,95485,95485,distressed,cdi_distressed_geographies_2025
2025-03-06,zip,95556,95556,distressed,cdi_distressed_geographies_2025
2025-03-06,zip,95642,95642,distressed,cdi_distressed_geographies_2025
2025-03-06,zip,95720,95720,distressed,cdi_distressed_geographies_2025
2025-03-06,zip,95941,95941,distressed,cdi_distressed_geographies_2025
2025-03-06,zip,96006,96006,distressed,cdi_distressed_geographies_2025
2025-03-06,zip,96048,96048,distressed,cdi_distressed_geographies_2025
2025-03-06,zip,96092,96092,distressed,cdi_distressed_geographies_2025
2025-03-06,zip,96133,96133,distressed,cdi_distressed_geographies_2025
2025-03-06,zip,95488,95488,distressed,cdi_distressed_geographies_2025
2025-03-06,zip,95558,95558,distressed,cdi_distressed_geographies_2025
2025-03-06,zip,95644,95644,distressed,cdi_distressed_geographies_2025
2025-03-06,zip,95721,95721,distressed,cdi_distressed_geographies_2025
2025-03-06,zip,95942,95942,distressed,cdi_distressed_geographies_2025
2025-03-06,zip,96007,96007,distressed,cdi_distressed_geographies_2025
2025-03-06,zip,96050,96050,distressed,cdi_distressed_geographies_2025
2025-03-06,zip,96093,96093,distressed,cdi_distressed_geographies_2025
2025-03-06,zip,96134,96134,distressed,cdi_distressed_geographies_2025
2025-03-06,zip,95490,95490,distressed,cdi_distressed_geographies_2025
2025-03-06,zip,95559,95559,distressed,cdi_distressed_geographies_2025
2025-03-06,zip,95646,95646,distressed,cdi_distressed_geographies_2025
2025-03-06,zip,95722,95722,distressed,cdi_distressed_geographies_2025
2025-03-06,zip,95944,95944,distressed,cdi_distressed_geographies_2025
2025-03-06,zip,96008,96008,distressed,cdi_distressed_geographies_2025
2025-03-06,zip,96051,96051,distressed,cdi_distressed_geographies_2025
2025-03-06,zip,96094,96094,distressed,cdi_distressed_geographies_2025
2025-03-06,zip,96135,96135,distressed,cdi_distressed_geographies_2025
2025-03-06,zip,95493,95493,distressed,cdi_distressed_geographies_2025
2025-03-06,zip,95560,95560,distressed,cdi_distressed_geographies_2025
2025-03-06,zip,95648,95648,distressed,cdi_distressed_geographies_2025
2025-03-06,zip,95724,95724,distressed,cdi_distressed_geographies_2025
2025-03-06,zip,95945,95945,distressed,cdi_distressed_geographies_2025
2025-03-06,zip,96009,96009,distressed,cdi_distressed_geographies_2025
2025-03-06,zip,96052,96052,distressed,cdi_distressed_geographies_2025
2025-03-06,zip,96096,96096,distressed,cdi_distressed_geographies_2025
2025-03-06,zip,96136,96136,distressed,cdi_distressed_geographies_2025
2025-03-06,zip,95494,95494,distressed,cdi_distressed_geographies_2025
2025-03-06,zip,95562,95562,distressed,cdi_distressed_geographies_2025
2025-03-06,zip,95650,95650,distressed,cdi_distressed_geographies_2025
2025-03-06,zip,95726,95726,distressed,cdi_distressed_geographies_2025
2025-03-06,zip,95946,95946,distressed,cdi_distressed_geographies_2025
2025-03-06,zip,96010,96010,distressed,cdi_distressed_geographies_2025
2025-03-06,zip,96054,96054,distressed,cdi_distressed_geographies_2025
2025-03-06,zip,96097,96097,distressed,cdi_distressed_geographies_2025
2025-03-06,zip,96137,96137,distressed,cdi_distressed_geographies_2025
