zip,county,fair_plan_flag,cdi_flag,agree,fhsz_high_pct,total_policies_2023,fair_policies_current,penetration_pct,meets_criteria
90001,Los Angeles,0,0,1,0.0,8077,1967,24.4,0
90002,Los Angeles,0,0,1,0.0,7450,1376,18.5,0
90003,Los Angeles,0,0,1,0.0,9493,1993,21.0,0
90004,Los Angeles,0,0,1,0.0,4570,425,9.3,0
90005,Los Angeles,0,0,1,0.0,962,140,14.6,0
90006,Los Angeles,0,0,1,0.0,2481,632,25.5,0
90007,Los Angeles,0,0,1,0.0,2462,454,18.4,0
90008,Los Angeles,1,0,0,48.8,5062,283,5.6,0
90011,Los Angeles,0,0,1,0.0,11516,2865,24.9,0
90012,Los Angeles,0,0,1,33.6,820,108,13.2,0
90013,Los Angeles,0,0,1,0.0,116,10,8.6,0
90014,Los Angeles,0,0,1,0.0,54,6,11.1,0
90015,Los Angeles,0,0,1,0.0,476,99,20.8,0
90016,Los Angeles,0,0,1,1.1,7497,690,9.2,0
90017,Los Angeles,0,0,1,0.0,153,24,15.7,0
90018,Los Angeles,0,0,1,0.0,7028,1094,15.6,0
90019,Los Angeles,0,0,1,0.0,8320,816,9.8,0
90020,Los Angeles,0,0,1,0.0,745,66,8.9,0
90021,Los Angeles,0,0,1,0.0,61,15,24.6,0
90022,Los Angeles,1,0,0,0.0,10359,1361,13.1,0
90023,Los Angeles,0,0,1,0.0,5729,1220,21.3,0
90024,Los Angeles,0,0,1,0.0,3045,160,5.3,0
90025,Los Angeles,0,0,1,0.0,3006,85,2.8,0
90026,Los Angeles,0,0,1,41.9,9342,919,9.8,0
90027,Los Angeles,1,0,0,76.6,5545,498,9.0,0
90028,Los Angeles,1,0,0,0.7,753,66,8.8,0
90029,Los Angeles,0,0,1,0.0,2468,289,11.7,0
90031,Los Angeles,0,0,1,41.6,5492,900,16.4,1
90032,Los Angeles,0,0,1,53.0,8169,762,9.3,0
90033,Los Angeles,0,0,1,0.0,4359,751,17.2,0
90034,Los Angeles,0,0,1,0.0,5262,140,2.7,0
90035,Los Angeles,0,0,1,0.0,4279,141,3.3,0
90036,Los Angeles,0,0,1,0.0,3606,171,4.7,0
90037,Los Angeles,0,0,1,0.0,7195,1611,22.4,0
90038,Los Angeles,0,0,1,0.0,1577,145,9.2,0
90039,Los Angeles,1,0,0,40.5,7550,444,5.9,0
90040,Los Angeles,0,0,1,0.0,2216,199,9.0,0
90041,Los Angeles,1,0,0,56.8,6307,424,6.7,0
90042,Los Angeles,0,0,1,59.0,10760,1113,10.3,0
90043,Los Angeles,1,0,0,2.2,10593,817,7.7,0
90044,Los Angeles,0,0,1,0.0,13694,2236,16.3,0
90045,Los Angeles,1,0,0,0.9,9222,79,0.9,0
90046,Los Angeles,1,1,1,70.0,6464,2315,35.8,1
90047,Los Angeles,0,0,1,0.0,12344,1136,9.2,0
90048,Los Angeles,0,0,1,0.0,3647,153,4.2,0
90049,Los Angeles,1,0,0,82.0,7394,2127,28.8,1
90056,Los Angeles,1,0,0,21.1,2360,51,2.2,0
90057,Los Angeles,0,0,1,0.0,485,75,15.5,0
90058,Los Angeles,0,0,1,0.0,164,57,34.8,0
90059,Los Angeles,0,0,1,0.0,6373,835,13.1,0
90061,Los Angeles,0,0,1,0.0,4219,522,12.4,0
90062,Los Angeles,0,0,1,0.0,5973,988,16.5,0
90063,Los Angeles,1,1,1,0.0,8405,1543,18.4,0
90064,Los Angeles,0,0,1,0.0,6491,79,1.2,0
90065,Los Angeles,1,0,0,63.6,10045,1067,10.6,0
90066,Los Angeles,0,0,1,0.0,10660,126,1.2,0
90067,Los Angeles,0,0,1,0.0,151,14,9.3,0
90068,Los Angeles,1,1,1,93.6,6012,1698,28.2,1
90069,Los Angeles,1,0,0,54.4,2759,536,19.4,1
90077,Los Angeles,1,1,1,99.5,3168,2061,65.1,1
90089,Los Angeles,0,0,1,0.0,5,3,60.0,0
90094,Los Angeles,1,0,0,8.8,543,16,2.9,0
90201,Los Angeles,0,0,1,0.0,11815,1548,13.1,0
90210,Los Angeles,1,1,1,77.4,6041,2616,43.3,1
90211,Los Angeles,0,0,1,0.0,1279,88,6.9,0
90212,Los Angeles,0,0,1,0.0,1347,51,3.8,0
90220,Los Angeles,1,0,0,0.0,9199,831,9.0,0
90221,Los Angeles,0,0,1,0.0,8105,1004,12.4,0
90222,Los Angeles,0,0,1,0.0,5439,662,12.2,0
90230,Los Angeles,1,0,0,19.9,5365,108,2.0,0
90232,Los Angeles,1,0,0,1.4,3423,62,1.8,0
90240,Los Angeles,0,0,1,0.0,5829,186,3.2,0
90241,Los Angeles,0,0,1,0.0,7519,208,2.8,0
90242,Los Angeles,0,0,1,0.0,7473,274,3.7,0
90245,Los Angeles,1,0,0,0.0,3465,21,0.6,0
90247,Los Angeles,0,0,1,0.0,7037,279,4.0,0
90248,Los Angeles,0,0,1,0.0,2413,64,2.7,0
90249,Los Angeles,0,0,1,0.0,5626,132,2.3,0
90250,Los Angeles,0,0,1,0.0,13001,431,3.3,0
90254,Los Angeles,0,0,1,0.0,5324,57,1.1,0
90255,Los Angeles,0,0,1,0.0,9067,1410,15.6,0
90260,Los Angeles,0,0,1,0.0,6560,203,3.1,0
90262,Los Angeles,0,0,1,0.0,9399,1060,11.3,0
90265,Los Angeles,1,1,1,76.6,5305,2492,47.0,1
90266,Los Angeles,0,0,1,0.0,11242,90,0.8,0
90270,Los Angeles,0,0,1,0.0,3516,426,12.1,0
90272,Los Angeles,1,0,0,97.4,7088,1391,19.6,1
90274,Los Angeles,1,0,0,92.2,8661,276,3.2,0
90275,Los Angeles,1,0,0,79.6,12783,402,3.1,0
90277,Los Angeles,1,0,0,0.0,7365,86,1.2,0
90278,Los Angeles,0,0,1,0.0,9446,90,1.0,0
90280,Los Angeles,0,0,1,0.0,14927,1562,10.5,0
90290,Los Angeles,1,1,1,97.9,2377,1972,83.0,1
90291,Los Angeles,0,0,1,0.0,6863,181,2.6,0
90292,Los Angeles,1,0,0,0.0,1448,79,5.5,0
90293,Los Angeles,1,0,0,9.3,1724,43,2.5,0
90301,Los Angeles,0,0,1,0.0,4120,299,7.3,0
90302,Los Angeles,0,0,1,0.0,3532,287,8.1,0
90303,Los Angeles,0,0,1,0.0,4348,318,7.3,0
90304,Los Angeles,0,0,1,0.0,3505,353,10.1,0
90305,Los Angeles,0,0,1,0.0,3714,169,4.6,0
90401,Los Angeles,0,0,1,0.0,160,12,7.5,0
90402,Los Angeles,1,0,0,22.1,3240,161,5.0,0
90403,Los Angeles,0,0,1,0.0,1822,77,4.2,0
90404,Los Angeles,0,0,1,0.0,1594,78,4.9,0
90405,Los Angeles,0,0,1,0.0,4723,115,2.4,0
90501,Los Angeles,0,0,1,0.0,7780,176,2.3,0
90502,Los Angeles,0,0,1,0.0,3241,109,3.4,0
90503,Los Angeles,0,0,1,0.0,8457,59,0.7,0
90504,Los Angeles,0,0,1,0.0,7954,57,0.7,0
90505,Los Angeles,0,0,1,0.0,8685,83,1.0,0
90601,Los Angeles,1,0,0,51.0,7402,633,8.6,0
90602,Los Angeles,1,0,0,46.5,4494,298,6.6,0
90603,Los Angeles,1,0,0,7.4,5939,120,2.0,0
90604,Los Angeles,0,0,1,0.0,8847,152,1.7,0
90605,Los Angeles,1,0,0,21.0,8976,339,3.8,0
90606,Los Angeles,0,0,1,0.0,7117,274,3.8,0
90620,Orange,0,0,1,0.0,11202,83,0.7,0
90621,Orange,1,0,0,0.0,4008,98,2.4,0
90623,Orange,0,0,1,0.0,3882,24,0.6,0
90630,Orange,0,0,1,0.0,11051,89,0.8,0
90631,Orange,1,0,0,35.1,13732,657,4.8,0
90638,Los Angeles,1,0,0,1.5,12414,186,1.5,0
90640,Los Angeles,0,0,1,0.0,10379,485,4.7,0
90650,Los Angeles,0,0,1,0.0,20113,576,2.9,0
90660,Los Angeles,0,0,1,0.0,12906,549,4.3,0
90670,Los Angeles,0,0,1,0.0,3243,65,2.0,0
90680,Orange,0,0,1,0.0,3677,92,2.5,0
90701,Los Angeles,0,0,1,0.0,3488,92,2.6,0
90703,Los Angeles,0,0,1,0.0,13482,141,1.0,0
90704,Los Angeles,1,1,1,25.4,600,338,56.3,1
90706,Los Angeles,0,0,1,0.0,11935,473,4.0,0
90710,Los Angeles,0,0,1,0.0,4658,147,3.2,0
90712,Los Angeles,0,0,1,0.0,9600,71,0.7,0
90713,Los Angeles,0,0,1,0.0,9558,41,0.4,0
90715,Los Angeles,0,0,1,0.0,3660,95,2.6,0
90716,Los Angeles,0,0,1,0.0,1890,92,4.9,0
90717,Los Angeles,0,0,1,2.0,4625,92,2.0,0
90720,Orange,1,0,0,0.0,6008,29,0.5,0
90723,Los Angeles,0,0,1,0.0,6663,453,6.8,0
90731,Los Angeles,1,0,0,0.0,10502,342,3.3,0
90732,Los Angeles,1,0,0,4.9,5008,74,1.5,0
90740,Orange,1,0,0,0.0,4929,38,0.8,0
90742,Orange,0,0,1,0.0,332,9,2.7,0
90743,Orange,0,0,1,0.0,168,2,1.2,0
90744,Los Angeles,1,0,0,0.0,7337,409,5.6,0
90745,Los Angeles,1,0,0,0.0,10799,274,2.5,0
90746,Los Angeles,1,0,0,0.0,7210,290,4.0,0
90755,Los Angeles,0,0,1,0.0,1832,41,2.2,0
90802,Los Angeles,0,0,1,0.0,2262,200,8.8,0
90803,Los Angeles,0,0,1,0.0,7891,111,1.4,0
90804,Los Angeles,0,0,1,0.0,4694,164,3.5,0
90805,Los Angeles,0,0,1,0.0,15186,662,4.4,0
90806,Los Angeles,0,0,1,0.0,6320,297,4.7,0
90807,Los Angeles,0,0,1,0.0,7470,103,1.4,0
90808,Los Angeles,0,0,1,0.0,13527,57,0.4,0
90810,Los Angeles,0,0,1,0.0,6640,270,4.1,0
90813,Los Angeles,0,0,1,0.0,4277,387,9.0,0
90814,Los Angeles,0,0,1,0.0,3863,75,1.9,0
90815,Los Angeles,0,0,1,0.0,11135,41,0.4,0
91001,Los Angeles,1,0,0,31.9,11516,992,8.6,0
91006,Los Angeles,1,0,0,19.0,8806,525,6.0,0
91007,Los Angeles,0,0,1,0.0,6182,251,4.1,0
91008,Los Angeles,1,1,1,87.1,369,145,39.3,1
91010,Los Angeles,1,0,0,48.8,5492,426,7.8,0
91011,Los Angeles,1,0,0,76.2,6569,1178,17.9,1
91016,Los Angeles,1,0,0,42.6,9670,749,7.7,0
91020,Los Angeles,1,0,0,100.0,1261,125,9.9,0
91024,Los Angeles,1,0,0,61.6,3492,541,15.5,1
91030,Los Angeles,0,0,1,0.3,5370,306,5.7,0
91040,Los Angeles,1,0,0,95.4,6131,1040,17.0,1
91042,Los Angeles,1,0,0,14.8,6763,1442,21.3,1
91101,Los Angeles,0,0,1,0.0,859,89,10.4,0
91103,Los Angeles,1,0,0,29.3,5091,495,9.7,0
91104,Los Angeles,0,0,1,0.0,9170,432,4.7,0
91105,Los Angeles,1,0,0,55.5,3083,345,11.2,0
91106,Los Angeles,0,0,1,0.0,3629,141,3.9,0
91107,Los Angeles,1,0,0,27.0,9467,681,7.2,0
91108,Los Angeles,0,0,1,0.0,4525,125,2.8,0
91201,Los Angeles,1,0,0,10.0,3787,289,7.6,0
91202,Los Angeles,1,0,0,26.1,3657,445,12.2,0
91203,Los Angeles,0,0,1,0.0,1092,88,8.1,0
91204,Los Angeles,0,0,1,0.0,993,76,7.7,0
91205,Los Angeles,0,0,1,0.6,3102,205,6.6,0
91206,Los Angeles,1,0,0,77.3,4500,961,21.4,1
91207,Los Angeles,1,0,0,88.0,2633,434,16.5,1
91208,Los Angeles,1,0,0,100.0,4568,1036,22.7,1
91210,Los Angeles,0,0,1,0.0,11,2,18.2,0
91214,Los Angeles,1,0,0,99.9,8917,1136,12.7,0
91301,Los Angeles,1,0,0,84.1,7164,1702,23.8,1
91302,Los Angeles,1,1,1,93.0,6962,2757,39.6,1
91303,Los Angeles,0,0,1,0.0,2503,115,4.6,0
91304,Los Angeles,1,0,0,46.6,9159,985,10.8,0
91306,Los Angeles,0,0,1,0.0,9036,327,3.6,0
91307,Los Angeles,1,0,0,55.5,8242,764,9.3,0
91311,Los Angeles,1,0,0,73.9,8653,1138,13.2,0
91316,Los Angeles,1,0,0,29.4,5517,796,14.4,0
91320,Ventura,1,1,1,71.8,12671,1217,9.6,0
91321,Los Angeles,1,0,0,62.6,5315,1208,22.7,1
91324,Los Angeles,0,0,1,0.0,5375,166,3.1,0
91325,Los Angeles,0,0,1,0.0,6169,241,3.9,0
91326,Los Angeles,1,0,0,56.6,11183,1301,11.6,0
91331,Los Angeles,1,0,0,0.0,14564,1271,8.7,0
91335,Los Angeles,0,0,1,0.0,12818,615,4.8,0
91340,Los Angeles,0,0,1,0.0,5847,506,8.7,0
91342,Los Angeles,1,0,0,33.3,16690,2500,15.0,0
91343,Los Angeles,0,0,1,0.0,9459,360,3.8,0
91344,Los Angeles,1,0,0,36.1,14283,784,5.5,0
91345,Los Angeles,0,0,1,0.0,4197,194,4.6,0
91350,Los Angeles,1,0,0,67.1,11666,1272,10.9,0
91351,Los Angeles,1,0,0,65.0,7599,896,11.8,0
91352,Los Angeles,1,0,0,38.0,7730,940,12.2,0
91354,Los Angeles,1,0,0,64.4,8793,919,10.5,0
91355,Los Angeles,1,0,0,41.4,7630,287,3.8,0
91356,Los Angeles,0,0,1,33.9,5927,1227,20.7,1
91360,Ventura,1,1,1,49.2,11104,735,6.6,0
91361,Ventura,1,1,1,75.3,5999,1585,26.4,1
91362,Ventura,1,1,1,77.2,9334,1665,17.8,1
91364,Los Angeles,1,0,0,38.8,8490,1438,16.9,1
91367,Los Angeles,1,0,0,0.2,8816,537,6.1,0
91377,Ventura,1,1,1,78.5,3586,810,22.6,1
91381,Los Angeles,1,0,0,93.1,4821,973,20.2,1
91384,Los Angeles,1,1,1,57.9,6157,2225,36.1,1
91387,Los Angeles,1,0,0,34.9,8045,2213,27.5,1
91390,Los Angeles,1,1,1,41.2,5489,1760,32.1,1
91401,Los Angeles,0,0,1,0.0,6065,227,3.7,0
91402,Los Angeles,0,0,1,0.0,6048,387,6.4,0
91403,Los Angeles,1,0,0,58.7,4575,839,18.3,1
91405,Los Angeles,0,0,1,0.0,5052,252,5.0,0
91406,Los Angeles,0,0,1,0.0,8748,303,3.5,0
91411,Los Angeles,0,0,1,0.0,2671,98,3.7,0
91423,Los Angeles,1,0,0,41.5,5621,865,15.4,1
91436,Los Angeles,1,0,0,59.7,4815,996,20.7,1
91501,Los Angeles,1,0,0,78.6,2937,428,14.6,0
91502,Los Angeles,0,0,1,0.0,507,36,7.1,0
91504,Los Angeles,1,0,0,49.5,5221,582,11.1,0
91505,Los Angeles,1,0,0,4.1,8128,151,1.9,0
91506,Los Angeles,0,0,1,0.0,5344,104,1.9,0
91601,Los Angeles,0,0,1,0.0,4085,190,4.7,0
91602,Los Angeles,0,0,1,0.0,2610,89,3.4,0
91604,Los Angeles,1,0,0,62.6,6188,1022,16.5,1
91605,Los Angeles,0,0,1,0.0,7378,449,6.1,0
91606,Los Angeles,0,0,1,0.0,6069,339,5.6,0
91607,Los Angeles,0,0,1,0.0,4268,108,2.5,0
91701,San Bernardino,1,0,0,9.5,11524,332,2.9,0
91702,Los Angeles,1,0,0,2.7,10189,745,7.3,0
91706,Los Angeles,1,0,0,2.0,12735,693,5.4,0
91708,San Bernardino,1,0,0,0.0,3216,172,5.3,0
91709,San Bernardino,1,0,0,15.9,20236,2924,14.4,0
91710,San Bernardino,1,0,0,0.0,18161,351,1.9,0
91711,Los Angeles,1,0,0,52.2,8831,431,4.9,0
91722,Los Angeles,0,0,1,0.0,7856,173,2.2,0
91723,Los Angeles,0,0,1,0.0,3378,95,2.8,0
91724,Los Angeles,1,0,0,40.3,6046,279,4.6,0
91730,San Bernardino,1,0,0,0.0,11427,155,1.4,0
91731,Los Angeles,0,0,1,0.0,4121,267,6.5,0
91732,Los Angeles,0,0,1,0.0,9040,481,5.3,0
91733,Los Angeles,1,0,0,0.0,6013,457,7.6,0
91737,San Bernardino,1,0,0,50.4,6549,440,6.7,0
91739,San Bernardino,0,0,1,28.8,9430,518,5.5,0
91740,Los Angeles,1,0,0,0.0,6062,193,3.2,0
91741,Los Angeles,1,0,0,43.9,7968,722,9.1,0
91744,Los Angeles,0,0,1,0.0,14574,906,6.2,0
91745,Los Angeles,1,0,0,44.9,13643,1042,7.6,0
91746,Los Angeles,1,0,0,0.0,5678,331,5.8,0
91748,Los Angeles,1,0,0,54.6,10071,933,9.3,0
91750,Los Angeles,1,0,0,23.9,9840,813,8.3,0
91752,Riverside,0,0,1,0.0,7740,411,5.3,0
91754,Los Angeles,1,0,0,0.0,7502,209,2.8,0
91755,Los Angeles,0,0,1,0.0,5091,160,3.1,0
91759,San Bernardino,1,1,1,3.3,257,150,58.4,1
91761,San Bernardino,1,0,0,0.0,13795,397,2.9,0
91762,San Bernardino,1,0,0,0.0,12427,355,2.9,0
91763,San Bernardino,1,0,0,0.0,6380,127,2.0,0
91764,San Bernardino,0,0,1,0.0,8695,257,3.0,0
91765,Los Angeles,1,0,0,45.8,11605,1808,15.6,1
91766,Los Angeles,1,0,0,1.7,12204,930,7.6,0
91767,Los Angeles,0,0,1,0.0,9092,365,4.0,0
91768,Los Angeles,1,0,0,8.3,5436,361,6.6,0
91770,Los Angeles,0,0,1,0.0,12857,680,5.3,0
91773,Los Angeles,1,0,0,29.6,8483,735,8.7,0
91775,Los Angeles,0,0,1,0.0,6612,123,1.9,0
91776,Los Angeles,0,0,1,0.0,6366,309,4.9,0
91780,Los Angeles,0,0,1,0.0,9242,226,2.4,0
91784,San Bernardino,1,0,0,24.0,9079,370,4.1,0
91786,San Bernardino,1,0,0,10.0,9718,170,1.7,0
91789,Los Angeles,1,0,0,11.9,11936,924,7.7,0
91790,Los Angeles,0,0,1,0.0,9959,255,2.6,0
91791,Los Angeles,1,0,0,23.2,7428,435,5.9,0
91792,Los Angeles,1,0,0,5.6,5381,207,3.8,0
91801,Los Angeles,0,0,1,0.0,7954,375,4.7,0
91803,Los Angeles,0,0,1,0.0,6579,237,3.6,0
91901,San Diego,1,1,1,53.1,4877,3002,61.6,1
91902,San Diego,1,0,0,6.8,5023,198,3.9,0
91905,San Diego,1,1,1,66.3,426,224,52.6,1
91906,San Diego,1,1,1,43.1,955,520,54.5,1
91910,San Diego,0,0,1,0.0,13861,281,2.0,0
91911,San Diego,0,0,1,2.6,13762,261,1.9,0
91913,San Diego,1,0,0,3.0,11247,434,3.9,0
91914,San Diego,1,0,0,41.7,4139,517,12.5,0
91915,San Diego,1,0,0,39.1,6121,385,6.3,0
91916,San Diego,1,1,1,50.8,674,423,62.8,1
91917,San Diego,1,1,1,69.0,153,86,56.2,1
91931,San Diego,1,1,1,17.3,38,84,221.1,1
91932,San Diego,1,0,0,0.0,4781,53,1.1,0
91934,San Diego,1,1,1,32.3,203,37,18.2,1
91935,San Diego,1,1,1,83.9,2666,1626,61.0,1
91941,San Diego,1,0,0,1.7,9511,198,2.1,0
91942,San Diego,0,0,1,0.0,7495,112,1.5,0
91945,San Diego,0,0,1,0.5,6344,98,1.5,0
91950,San Diego,0,0,1,0.0,7702,134,1.7,0
91962,San Diego,1,1,1,27.2,826,504,61.0,1
91963,San Diego,1,1,1,68.4,146,85,58.2,1
91977,San Diego,1,0,0,4.5,12847,642,5.0,0
91978,San Diego,1,0,0,37.4,2189,409,18.7,1
91980,San Diego,1,1,1,97.4,27,7,25.9,1
92003,San Diego,1,0,0,96.6,1495,465,31.1,1
92004,San Diego,1,0,0,7.7,1860,97,5.2,0
92007,San Diego,1,0,0,5.9,3298,68,2.1,0
92008,San Diego,1,0,0,3.7,6478,144,2.2,0
92009,San Diego,0,0,1,29.1,11731,1053,9.0,0
92010,San Diego,1,0,0,44.6,4663,222,4.8,0
92011,San Diego,1,0,0,0.0,6658,244,3.7,0
92014,San Diego,1,0,0,52.5,4331,228,5.3,0
92019,San Diego,1,0,0,47.1,10257,1816,17.7,1
92020,San Diego,1,0,0,13.2,9767,265,2.7,0
92021,San Diego,1,0,0,76.6,12268,1735,14.1,0
92024,San Diego,1,0,0,30.5,14513,633,4.4,0
92025,San Diego,1,0,0,53.4,7972,655,8.2,0
92026,San Diego,1,0,0,79.6,12615,2742,21.7,1
92027,San Diego,1,0,0,87.3,11661,1375,11.8,0
92028,San Diego,1,0,0,86.9,14795,3793,25.6,1
92029,San Diego,1,0,0,76.2,6520,1095,16.8,1
92036,San Diego,1,1,1,63.3,1726,1078,62.5,1
92037,San Diego,1,0,0,34.0,9793,409,4.2,0
92040,San Diego,1,0,0,62.0,10429,1732,16.6,1
92054,San Diego,0,0,1,0.1,8060,254,3.2,0
92056,San Diego,0,0,1,5.2,15653,384,2.5,0
92057,San Diego,1,0,0,0.3,14519,900,6.2,0
92058,San Diego,1,0,0,4.2,4085,384,9.4,0
92059,San Diego,1,1,1,51.2,139,80,57.6,1
92060,San Diego,1,1,1,42.8,186,133,71.5,1
92061,San Diego,1,1,1,62.5,603,290,48.1,1
92064,San Diego,1,0,0,71.9,13232,1569,11.9,0
92065,San Diego,1,1,1,70.4,9794,3768,38.5,1
92066,San Diego,1,1,1,81.6,136,39,28.7,1
92067,San Diego,1,0,0,98.9,3099,806,26.0,1
92069,San Diego,1,0,0,55.6,10012,919,9.2,0
92070,San Diego,1,1,1,57.6,269,137,50.9,1
92071,San Diego,1,0,0,48.4,14020,1237,8.8,0
92075,San Diego,1,0,0,22.9,3059,129,4.2,0
92078,San Diego,1,0,0,54.4,12359,1674,13.5,0
92081,San Diego,1,0,0,19.4,6646,193,2.9,0
92082,San Diego,1,1,1,85.1,6022,2852,47.4,1
92083,San Diego,0,0,1,0.0,6394,113,1.8,0
92084,San Diego,1,0,0,65.1,10445,1177,11.3,0
92086,San Diego,1,1,1,44.2,515,381,74.0,1
92091,San Diego,1,0,0,95.9,863,197,22.8,1
92101,San Diego,0,0,1,14.6,1934,77,4.0,0
92102,San Diego,0,0,1,12.6,6675,262,3.9,0
92103,San Diego,0,0,1,52.2,6079,279,4.6,0
92104,San Diego,0,0,1,27.6,8595,172,2.0,0
92105,San Diego,0,0,1,13.2,9853,541,5.5,0
92106,San Diego,1,0,0,1.5,5378,40,0.7,0
92107,San Diego,1,0,0,3.1,7050,81,1.1,0
92108,San Diego,1,0,0,37.6,1259,114,9.1,0
92109,San Diego,0,0,1,2.8,8998,98,1.1,0
92110,San Diego,0,0,1,21.5,4281,117,2.7,0
92111,San Diego,1,0,0,33.3,8799,257,2.9,0
92113,San Diego,0,0,1,0.0,6683,327,4.9,0
92114,San Diego,0,0,1,1.3,15078,287,1.9,0
92115,San Diego,0,0,1,22.7,10510,344,3.3,0
92116,San Diego,0,0,1,59.2,7124,308,4.3,0
92117,San Diego,1,0,0,41.9,14282,330,2.3,0
92118,San Diego,0,0,1,0.0,4672,30,0.6,0
92119,San Diego,1,0,0,57.2,6803,572,8.4,0
92120,San Diego,1,0,0,56.1,8745,521,6.0,0
92121,San Diego,1,0,0,78.7,790,138,17.5,1
92122,San Diego,1,0,0,27.4,5684,204,3.6,0
92123,San Diego,1,0,0,41.6,5238,118,2.3,0
92124,San Diego,1,0,0,75.8,5079,569,11.2,0
92126,San Diego,1,0,0,39.0,15264,743,4.9,0
92127,San Diego,1,0,0,86.7,11557,1682,14.6,0
92128,San Diego,1,0,0,38.8,11561,959,8.3,0
92129,San Diego,1,0,0,95.5,13328,1514,11.4,0
92130,San Diego,1,0,0,99.9,13511,1387,10.3,0
92131,San Diego,1,0,0,41.5,9095,1574,17.3,1
92139,San Diego,0,0,1,3.7,6478,80,1.2,0
92140,San Diego,0,0,1,0.0,,1,,
92145,San Diego,1,0,0,98.8,,2,,
92154,San Diego,1,0,0,61.9,13190,526,4.0,0
92173,San Diego,1,0,0,49.4,2454,75,3.1,0
92201,Riverside,0,0,1,0.0,15350,176,1.1,0
92203,Riverside,0,0,1,0.0,12451,99,0.8,0
92210,Riverside,1,0,0,0.0,2730,96,3.5,0
92211,Riverside,0,0,1,0.0,11413,80,0.7,0
92220,Riverside,1,0,0,20.3,10156,1552,15.3,1
92223,Riverside,1,0,0,47.2,19173,2944,15.4,1
92225,Riverside,0,0,1,0.0,4507,249,5.5,0
92227,Imperial,0,0,1,0.0,5306,98,1.8,0
92230,Riverside,1,1,1,26.4,539,163,30.2,1
92231,Imperial,0,0,1,0.0,6502,205,3.2,0
92233,Imperial,0,0,1,0.0,628,13,2.1,0
92234,Riverside,1,0,0,0.5,14328,307,2.1,0
92236,Riverside,0,0,1,0.0,7201,69,1.0,0
92239,Riverside,1,1,1,0.0,158,14,8.9,0
92240,Riverside,1,0,0,1.8,10613,424,4.0,0
92241,Riverside,0,0,1,0.0,3710,223,6.0,0
92242,San Bernardino,0,0,1,0.0,1149,89,7.7,0
92243,Imperial,0,0,1,0.0,8771,218,2.5,0
92249,Imperial,0,0,1,0.0,1295,16,1.2,0
92250,Imperial,0,0,1,0.0,1518,24,1.6,0
92251,Imperial,0,0,1,0.0,6052,49,0.8,0
92252,San Bernardino,1,0,0,1.6,4040,416,10.3,0
92253,Riverside,0,0,1,0.0,16950,242,1.4,0
92254,Riverside,0,0,1,0.0,1384,50,3.6,0
92256,San Bernardino,1,1,1,9.9,1468,242,16.5,1
92257,Imperial,0,0,1,0.0,544,29,5.3,0
92258,Riverside,0,0,1,0.0,124,17,13.7,0
92259,Imperial,0,0,1,0.1,146,6,4.1,0
92260,Riverside,1,0,0,3.3,10290,283,2.8,0
92262,Riverside,1,0,0,7.7,8993,314,3.5,0
92264,Riverside,1,0,0,10.0,6431,510,7.9,0
92266,Imperial,1,1,1,0.0,162,7,4.3,0
92267,San Bernardino,0,0,1,0.0,459,61,13.3,0
92268,San Bernardino,1,0,0,32.1,337,93,27.6,1
92270,Riverside,0,0,1,0.0,8014,198,2.5,0
92273,Imperial,0,0,1,0.0,245,12,4.9,0
92274,Riverside,0,0,1,1.5,2495,104,4.2,0
92275,Imperial,0,0,1,0.0,175,4,2.3,0
92276,Riverside,0,0,1,0.0,3056,143,4.7,0
92277,San Bernardino,1,0,0,0.0,6163,329,5.3,0
92280,San Bernardino,0,0,1,0.0,25,19,76.0,0
92281,Imperial,0,0,1,0.0,395,6,1.5,0
92282,Riverside,1,1,1,8.5,417,125,30.0,1
92283,Imperial,0,0,1,0.0,183,7,3.8,0
92284,San Bernardino,1,0,0,11.0,9808,793,8.1,0
92285,San Bernardino,1,1,1,0.0,1081,188,17.4,0
92301,San Bernardino,0,0,1,0.0,8172,736,9.0,0
92305,San Bernardino,1,1,1,8.6,419,295,70.4,1
92307,San Bernardino,1,0,0,0.0,11808,627,5.3,0
92308,San Bernardino,1,0,0,41.7,13556,668,4.9,0
92309,San Bernardino,0,0,1,0.0,27,4,14.8,0
92310,San Bernardino,0,0,1,0.0,1,1,100.0,0
92311,San Bernardino,0,0,1,0.0,7892,261,3.3,0
92313,San Bernardino,0,0,1,33.0,3070,303,9.9,0
92314,San Bernardino,1,1,1,39.4,7903,5488,69.4,1
92315,San Bernardino,1,1,1,45.4,7852,5718,72.8,1
92316,San Bernardino,0,0,1,1.3,5634,400,7.1,0
92317,San Bernardino,1,1,1,,201,141,70.1,0
92318,San Bernardino,1,0,0,,37,6,16.2,0
92320,Riverside,1,0,0,47.0,4023,1045,26.0,1
92321,San Bernardino,1,1,1,62.7,342,270,78.9,1
92322,San Bernardino,1,1,1,78.1,589,498,84.6,1
92324,San Bernardino,1,0,0,56.4,10855,1069,9.8,0
92325,San Bernardino,1,1,1,52.9,5254,4280,81.5,1
92327,San Bernardino,0,0,1,0.0,90,9,10.0,0
92333,San Bernardino,1,1,1,31.0,869,692,79.6,1
92335,San Bernardino,1,0,0,0.0,14439,656,4.5,0
92336,San Bernardino,1,0,0,27.5,26435,1115,4.2,0
92337,San Bernardino,0,0,1,6.7,8199,549,6.7,0
92338,San Bernardino,0,0,1,0.0,2,1,50.0,0
92339,San Bernardino,1,1,1,28.4,611,489,80.0,1
92341,San Bernardino,1,1,1,19.1,894,683,76.4,1
92342,San Bernardino,0,0,1,0.0,2694,76,2.8,0
92344,San Bernardino,1,0,0,50.5,6044,1134,18.8,1
92345,San Bernardino,1,0,0,18.2,21738,1322,6.1,0
92346,San Bernardino,1,0,0,24.2,13590,1203,8.9,0
92347,San Bernardino,0,0,1,0.0,114,16,14.0,0
92352,San Bernardino,1,1,1,77.4,8297,6831,82.3,1
92354,San Bernardino,1,0,0,22.1,4845,541,11.2,0
92356,San Bernardino,1,1,1,8.4,1674,189,11.3,0
92358,San Bernardino,1,1,1,8.5,292,220,75.3,1
92359,San Bernardino,1,0,0,57.3,2353,460,19.5,1
92363,San Bernardino,0,0,1,0.0,2312,110,4.8,0
92364,San Bernardino,0,0,1,0.0,6,1,16.7,0
92365,San Bernardino,0,0,1,0.0,614,69,11.2,0
92368,San Bernardino,0,0,1,0.0,156,30,19.2,0
92371,San Bernardino,1,1,1,16.9,4464,1351,30.3,1
92372,San Bernardino,1,1,1,51.1,1917,555,29.0,1
92373,San Bernardino,1,0,0,72.4,8552,1237,14.5,0
92374,San Bernardino,1,0,0,12.6,10730,444,4.1,0
92376,San Bernardino,1,0,0,0.0,14960,624,4.2,0
92377,San Bernardino,1,0,0,44.6,5414,309,5.7,0
92378,San Bernardino,1,1,1,9.9,235,189,80.4,1
92382,San Bernardino,1,1,1,45.4,3518,2801,79.6,1
92384,Inyo,0,0,1,0.0,20,1,5.0,0
92385,San Bernardino,1,1,1,7.5,149,157,105.4,1
92386,San Bernardino,1,1,1,47.9,2710,1950,72.0,1
92389,Inyo,0,0,1,0.0,26,2,7.7,0
92391,San Bernardino,1,1,1,79.0,1166,997,85.5,1
92392,San Bernardino,0,0,1,0.0,16906,993,5.9,0
92394,San Bernardino,0,0,1,0.0,9131,426,4.7,0
92395,San Bernardino,0,0,1,0.0,11193,500,4.5,0
92397,San Bernardino,1,1,1,46.6,2670,1726,64.6,1
92398,San Bernardino,0,0,1,0.0,367,37,10.1,0
92399,San Bernardino,1,0,0,52.9,15308,3122,20.4,1
92401,San Bernardino,0,0,1,0.0,169,22,13.0,0
92404,San Bernardino,1,0,0,21.1,10958,1044,9.5,0
92405,San Bernardino,1,0,0,21.8,6154,515,8.4,0
92407,San Bernardino,1,0,0,45.0,13458,1867,13.9,0
92408,San Bernardino,1,0,0,0.0,2128,168,7.9,0
92410,San Bernardino,1,0,0,0.0,6734,631,9.4,0
92411,San Bernardino,1,0,0,0.0,4386,349,8.0,0
92501,Riverside,1,0,0,0.0,4429,187,4.2,0
92503,Riverside,1,0,0,46.2,19232,1767,9.2,0
92504,Riverside,1,0,0,24.1,12170,672,5.5,0
92505,Riverside,1,0,0,14.4,8997,489,5.4,0
92506,Riverside,1,0,0,13.9,14020,815,5.8,0
92507,Riverside,1,0,0,23.4,9531,948,9.9,0
92508,Riverside,1,0,0,5.3,9293,689,7.4,0
92509,Riverside,0,0,1,27.8,16393,1246,7.6,0
92518,Riverside,1,0,0,0.0,1,1,100.0,0
92530,Riverside,1,0,0,34.3,14166,2778,19.6,1
92532,Riverside,1,0,0,82.4,6742,1558,23.1,1
92536,Riverside,1,1,1,67.8,1091,580,53.2,1
92539,Riverside,1,1,1,62.0,1082,746,68.9,1
92543,Riverside,1,0,0,42.3,8796,851,9.7,0
92544,Riverside,1,0,0,63.9,12491,1853,14.8,0
92545,Riverside,1,0,0,42.3,14082,1516,10.8,0
92548,Riverside,1,1,1,89.7,1707,536,31.4,1
92549,Riverside,1,1,1,41.1,3709,2775,74.8,1
92551,Riverside,1,0,0,0.0,7052,467,6.6,0
92553,Riverside,1,0,0,0.0,13465,637,4.7,0
92555,Riverside,1,0,0,57.0,10629,1626,15.3,1
92557,Riverside,1,0,0,60.8,12834,1506,11.7,0
92561,Riverside,1,1,1,15.9,786,432,55.0,1
92562,Riverside,1,0,0,40.2,16925,2983,17.6,1
92563,Riverside,1,0,0,41.0,19494,1759,9.0,0
92567,Riverside,1,0,0,55.7,2334,577,24.7,1
92570,Riverside,1,0,0,70.7,10109,3004,29.7,1
92571,Riverside,1,0,0,13.3,11901,1027,8.6,0
92582,Riverside,1,0,0,11.6,5475,371,6.8,0
92583,Riverside,1,0,0,28.7,7647,651,8.5,0
92584,Riverside,1,0,0,37.1,18627,1522,8.2,0
92585,Riverside,1,0,0,20.7,8181,728,8.9,0
92586,Riverside,0,0,1,21.1,9314,624,6.7,0
92587,Riverside,1,0,0,46.9,6104,1180,19.3,1
92590,Riverside,1,1,1,91.2,801,468,58.4,1
92591,Riverside,1,0,0,35.7,11454,474,4.1,0
92592,Riverside,1,0,0,58.4,22615,2513,11.1,0
92595,Riverside,1,0,0,68.0,8903,2006,22.5,1
92596,Riverside,1,0,0,60.7,10328,1262,12.2,0
92602,Orange,1,0,0,48.9,6290,290,4.6,0
92603,Orange,1,0,0,66.4,4358,387,8.9,0
92604,Orange,0,0,1,0.0,5027,79,1.6,0
92606,Orange,0,0,1,0.0,3337,20,0.6,0
92610,Orange,1,0,0,76.6,3043,477,15.7,1
92612,Orange,1,0,0,9.7,1867,114,6.1,0
92614,Orange,1,0,0,0.0,3350,46,1.4,0
92617,Orange,1,0,0,0.0,1045,6,0.6,0
92618,Orange,1,0,0,12.5,10916,753,6.9,0
92620,Orange,1,0,0,16.3,13039,318,2.4,0
92624,Orange,1,0,0,0.0,2269,50,2.2,0
92625,Orange,1,0,0,33.2,4575,66,1.4,0
92626,Orange,0,0,1,0.0,8990,32,0.4,0
92627,Orange,1,0,0,0.0,9772,74,0.8,0
92629,Orange,1,0,0,4.7,7317,142,1.9,0
92630,Orange,1,0,0,1.8,15045,426,2.8,0
92637,Orange,1,0,0,16.1,820,171,20.9,1
92646,Orange,1,0,0,0.0,15662,103,0.7,0
92647,Orange,1,0,0,0.0,11631,63,0.5,0
92648,Orange,1,0,0,0.0,9248,77,0.8,0
92649,Orange,1,0,0,0.0,8636,62,0.7,0
92651,Orange,1,0,0,88.8,8818,1568,17.8,1
92653,Orange,1,0,0,0.0,6624,156,2.4,0
92655,Orange,0,0,1,0.0,1395,36,2.6,0
92656,Orange,1,0,0,51.7,7951,580,7.3,0
92657,Orange,1,0,0,86.0,3174,578,18.2,1
92660,Orange,1,0,0,8.0,7322,159,2.2,0
92661,Orange,0,0,1,0.0,1495,22,1.5,0
92662,Orange,0,0,1,0.0,1232,7,0.6,0
92663,Orange,1,0,0,0.0,5362,57,1.1,0
92672,Orange,0,0,1,29.0,9110,713,7.8,0
92673,Orange,1,0,0,17.9,8091,912,11.3,0
92675,Orange,1,0,0,64.4,8940,731,8.2,0
92676,Orange,1,1,1,54.2,726,611,84.2,1
92677,Orange,1,0,0,25.1,15817,1049,6.6,0
92679,Orange,1,0,0,85.8,9311,3200,34.4,1
92683,Orange,1,0,0,0.0,17422,443,2.5,0
92688,Orange,1,0,0,71.9,8256,1351,16.4,1
92691,Orange,1,0,0,0.0,12476,172,1.4,0
92692,Orange,1,0,0,29.5,13456,466,3.5,0
92694,Orange,1,0,0,70.6,8274,1225,14.8,0
92701,Orange,0,0,1,0.0,4036,126,3.1,0
92703,Orange,0,0,1,0.0,7430,219,2.9,0
92704,Orange,0,0,1,0.0,10806,238,2.2,0
92705,Orange,1,0,0,5.4,10089,253,2.5,0
92706,Orange,0,0,1,0.0,5665,45,0.8,0
92707,Orange,0,0,1,0.0,7819,181,2.3,0
92708,Orange,0,0,1,0.0,13931,115,0.8,0
92780,Orange,0,0,1,0.0,7560,78,1.0,0
92782,Orange,1,0,0,16.4,4837,132,2.7,0
92801,Orange,0,0,1,0.0,6746,129,1.9,0
92802,Orange,0,0,1,0.0,4518,60,1.3,0
92804,Orange,0,0,1,0.0,11775,176,1.5,0
92805,Orange,0,0,1,0.0,8881,131,1.5,0
92806,Orange,0,0,1,0.0,5438,70,1.3,0
92807,Orange,1,0,0,32.0,9691,573,5.9,0
92808,Orange,1,0,0,71.4,4876,679,13.9,0
92821,Orange,1,0,0,41.1,9284,425,4.6,0
92823,Orange,1,0,0,96.8,1469,191,13.0,0
92831,Orange,1,0,0,0.0,5496,59,1.1,0
92832,Orange,1,0,0,0.0,3949,40,1.0,0
92833,Orange,1,0,0,15.3,10521,177,1.7,0
92835,Orange,1,0,0,11.0,6434,59,0.9,0
92840,Orange,0,0,1,0.0,9169,99,1.1,0
92841,Orange,0,0,1,0.0,6216,100,1.6,0
92843,Orange,0,0,1,0.0,6209,121,1.9,0
92844,Orange,0,0,1,0.0,2837,46,1.6,0
92845,Orange,0,0,1,0.0,4992,16,0.3,0
92860,Riverside,1,0,0,10.7,6634,452,6.8,0
92861,Orange,1,0,0,3.6,2045,39,1.9,0
92865,Orange,0,0,1,0.0,4381,24,0.5,0
92866,Orange,0,0,1,0.0,3114,28,0.9,0
92867,Orange,1,0,0,31.4,10283,233,2.3,0
92868,Orange,0,0,1,0.0,2774,35,1.3,0
92869,Orange,1,0,0,21.6,8552,265,3.1,0
92870,Orange,1,0,0,0.0,11199,111,1.0,0
92879,Riverside,1,0,0,3.5,9233,532,5.8,0
92880,Riverside,1,0,0,20.1,16476,1113,6.8,0
92881,Riverside,0,0,1,44.1,8095,680,8.4,0
92882,Riverside,1,0,0,20.0,14700,2132,14.5,0
92883,Riverside,1,0,0,49.7,11190,2430,21.7,1
92886,Orange,1,0,0,29.9,14327,803,5.6,0
92887,Orange,1,0,0,69.0,5653,859,15.2,1
93001,Ventura,1,1,1,65.8,8095,741,9.2,0
93003,Ventura,1,1,1,47.8,12317,419,3.4,0
93004,Ventura,1,1,1,0.2,8192,119,1.5,0
93010,Ventura,1,1,1,8.7,11864,281,2.4,0
93012,Ventura,1,1,1,55.5,9590,664,6.9,0
93013,Santa Barbara,1,0,0,33.7,3843,349,9.1,0
93015,Ventura,1,1,1,55.3,4261,341,8.0,0
93021,Ventura,1,1,1,71.7,9676,878,9.1,0
93022,Ventura,1,1,1,67.7,1955,337,17.2,1
93023,Ventura,1,1,1,20.2,6818,1684,24.7,1
93030,Ventura,1,1,1,0.0,9561,70,0.7,0
93033,Ventura,1,1,1,10.0,11066,177,1.6,0
93035,Ventura,1,1,1,0.0,7921,81,1.0,0
93036,Ventura,1,1,1,0.0,7012,80,1.1,0
93040,Ventura,1,1,1,45.3,430,94,21.9,1
93041,Ventura,1,1,1,0.1,3437,59,1.7,0
93060,Ventura,1,1,1,52.4,6941,577,8.3,0
93063,Ventura,1,1,1,79.2,14621,1327,9.1,0
93065,Ventura,1,1,1,72.1,19091,1839,9.6,0
93066,Ventura,1,1,1,48.8,787,142,18.0,1
93067,Santa Barbara,0,0,1,0.1,392,81,20.7,1
93101,Santa Barbara,1,0,0,0.2,4630,202,4.4,0
93103,Santa Barbara,1,0,0,65.5,4126,579,14.0,0
93105,Santa Barbara,1,0,0,33.2,6699,1401,20.9,1
93108,Santa Barbara,1,1,1,66.8,3615,1601,44.3,1
93109,Santa Barbara,1,0,0,0.0,3243,88,2.7,0
93110,Santa Barbara,1,0,0,35.2,4131,353,8.5,0
93111,Santa Barbara,1,0,0,42.1,5040,366,7.3,0
93117,Santa Barbara,1,0,0,69.5,6998,404,5.8,0
93201,Tulare,0,0,1,0.0,117,9,7.7,0
93202,Kings,0,0,1,0.0,1086,5,0.5,0
93203,Kern,1,0,0,12.8,3419,169,4.9,0
93204,Kings,1,0,0,36.8,1511,17,1.1,0
93205,Kern,1,1,1,15.7,723,409,56.6,1
93206,Kern,0,0,1,0.0,300,15,5.0,0
93207,Tulare,1,1,1,21.5,287,165,57.5,1
93208,Tulare,1,0,0,5.4,78,40,51.3,1
93210,Fresno,1,0,0,58.6,3070,63,2.1,0
93212,Kings,0,0,1,0.0,2866,22,0.8,0
93215,Kern,0,0,1,0.0,8502,80,0.9,0
93218,Tulare,0,0,1,0.0,136,5,3.7,0
93219,Tulare,0,0,1,0.0,1335,15,1.1,0
93221,Tulare,1,0,0,35.2,3926,61,1.6,0
93222,Kern,1,1,1,24.1,1730,985,56.9,1
93223,Tulare,0,0,1,0.0,2124,17,0.8,0
93224,Kern,1,1,1,68.7,117,2,1.7,0
93225,Kern,1,1,1,23.7,2280,895,39.3,1
93226,Kern,1,1,1,86.2,81,32,39.5,1
93230,Kings,0,0,1,0.0,17484,89,0.5,0
93234,Fresno,1,0,0,0.0,585,1,0.2,0
93235,Tulare,0,0,1,0.0,832,7,0.8,0
93238,Kern,1,1,1,17.6,860,304,35.3,1
93239,Kings,1,0,0,24.2,138,4,2.9,0
93240,Kern,1,1,1,19.5,2122,764,36.0,1
93241,Kern,0,0,1,0.0,2184,63,2.9,0
93242,Fresno,0,0,1,0.0,453,3,0.7,0
93243,Kern,1,1,1,65.8,418,182,43.5,1
93244,Tulare,1,0,0,86.9,104,16,15.4,1
93245,Kings,0,0,1,0.0,7293,13,0.2,0
93247,Tulare,1,0,0,4.7,3273,31,0.9,0
93249,Kern,1,0,0,20.9,243,5,2.1,0
93250,Kern,0,0,1,0.0,2619,26,1.0,0
93252,Kern,1,1,1,9.9,363,28,7.7,0
93254,Santa Barbara,1,0,0,66.0,197,25,12.7,0
93255,Kern,1,1,1,8.6,202,27,13.4,0
93256,Tulare,0,0,1,0.0,799,17,2.1,0
93257,Tulare,1,0,0,25.2,16435,453,2.8,0
93260,Tulare,1,1,1,67.6,317,233,73.5,1
93262,Tulare,1,1,1,0.0,13,6,46.2,0
93263,Kern,0,0,1,0.0,5122,56,1.1,0
93265,Tulare,1,1,1,26.7,1966,738,37.5,1
93266,Kings,0,0,1,0.0,261,5,1.9,0
93267,Tulare,1,0,0,13.0,1047,24,2.3,0
93268,Kern,1,0,0,23.5,4359,171,3.9,0
93270,Tulare,1,0,0,0.0,915,18,2.0,0
93271,Tulare,1,1,1,27.8,1110,635,57.2,1
93272,Tulare,0,0,1,0.0,497,3,0.6,0
93274,Tulare,0,0,1,0.0,18274,88,0.5,0
93276,Kern,0,0,1,0.0,20,2,10.0,0
93277,Tulare,0,0,1,0.0,14441,67,0.5,0
93280,Kern,0,0,1,0.0,4683,47,1.0,0
93283,Kern,1,1,1,22.8,665,244,36.7,1
93285,Kern,1,1,1,22.8,1484,792,53.4,1
93286,Tulare,1,0,0,39.7,2038,70,3.4,0
93287,Kern,1,1,1,15.6,50,11,22.0,1
93291,Tulare,0,0,1,0.0,15903,90,0.6,0
93292,Tulare,0,0,1,0.0,11907,40,0.3,0
93301,Kern,0,0,1,0.0,2364,91,3.8,0
93304,Kern,0,0,1,0.0,10876,355,3.3,0
93305,Kern,0,0,1,0.0,7281,333,4.6,0
93306,Kern,1,0,0,27.5,18321,481,2.6,0
93307,Kern,1,0,0,0.0,16671,547,3.3,0
93308,Kern,1,0,0,52.0,13497,362,2.7,0
93309,Kern,1,0,0,0.0,12667,177,1.4,0
93311,Kern,0,0,1,0.1,16197,83,0.5,0
93312,Kern,0,0,1,0.0,18387,97,0.5,0
93313,Kern,1,0,0,0.0,16237,129,0.8,0
93314,Kern,1,0,0,0.0,10484,61,0.6,0
93401,San Luis Obispo,1,1,1,53.7,8787,428,4.9,0
93402,San Luis Obispo,1,1,1,67.8,5548,159,2.9,0
93405,San Luis Obispo,1,1,1,57.1,5161,363,7.0,0
93420,San Luis Obispo,1,1,1,68.0,10256,520,5.1,0
93422,San Luis Obispo,1,1,1,52.0,10172,826,8.1,0
93424,San Luis Obispo,1,1,1,82.4,592,162,27.4,1
93426,Monterey,1,1,1,86.5,847,392,46.3,1
93427,Santa Barbara,1,0,0,90.4,1619,81,5.0,0
93428,San Luis Obispo,1,1,1,74.1,3595,351,9.8,0
93429,Santa Barbara,1,0,0,50.4,29,2,6.9,0
93430,San Luis Obispo,1,1,1,43.6,1802,62,3.4,0
93432,San Luis Obispo,1,1,1,93.4,434,81,18.7,1
93433,San Luis Obispo,1,1,1,0.0,3997,36,0.9,0
93434,Santa Barbara,1,0,0,66.1,1760,26,1.5,0
93435,San Luis Obispo,1,1,1,,9,2,22.2,0
93436,Santa Barbara,1,0,0,77.2,12456,376,3.0,0
93440,Santa Barbara,1,0,0,93.4,530,48,9.1,0
93441,Santa Barbara,1,0,0,29.9,389,65,16.7,1
93442,San Luis Obispo,1,1,1,49.0,4953,110,2.2,0
93444,San Luis Obispo,1,1,1,34.9,7181,158,2.2,0
93445,San Luis Obispo,1,1,1,46.7,2021,21,1.0,0
93446,San Luis Obispo,1,1,1,85.5,15106,834,5.5,0
93449,San Luis Obispo,1,1,1,69.7,4136,267,6.5,0
93450,Monterey,1,1,1,84.0,93,6,6.5,0
93451,San Luis Obispo,1,1,1,93.8,1278,95,7.4,0
93452,San Luis Obispo,1,1,1,76.6,76,22,28.9,1
93453,San Luis Obispo,1,1,1,68.4,891,195,21.9,1
93454,Santa Barbara,1,0,0,59.7,8176,138,1.7,0
93455,Santa Barbara,1,0,0,38.2,13993,257,1.8,0
93458,Santa Barbara,1,0,0,0.0,8783,83,0.9,0
93460,Santa Barbara,1,0,0,74.2,1813,198,10.9,0
93461,San Luis Obispo,1,1,1,95.4,396,9,2.3,0
93463,Santa Barbara,1,0,0,68.4,2479,145,5.8,0
93465,San Luis Obispo,1,1,1,83.9,3239,191,5.9,0
93501,Kern,1,0,0,16.0,1166,115,9.9,0
93505,Kern,0,0,1,0.0,4165,191,4.6,0
93510,Los Angeles,1,1,1,71.8,2312,943,40.8,1
93512,Mono,1,1,1,12.0,46,4,8.7,0
93513,Inyo,1,0,0,4.1,595,20,3.4,0
93514,Inyo,1,0,0,5.5,4316,222,5.1,0
93516,Kern,0,0,1,0.0,605,40,6.6,0
93517,Mono,1,1,1,10.8,482,117,24.3,1
93518,Kern,1,1,1,75.3,389,210,54.0,1
93523,Kern,0,0,1,0.0,333,31,9.3,0
93526,Inyo,1,0,0,11.6,303,22,7.3,0
93527,Kern,1,0,0,3.6,773,86,11.1,0
93528,Kern,0,0,1,0.0,49,6,12.2,0
93529,Mono,1,1,1,12.1,558,280,50.2,1
93531,Kern,1,1,1,98.9,193,113,58.5,1
93532,Los Angeles,1,1,1,30.9,968,588,60.7,1
93534,Los Angeles,0,0,1,0.0,8346,360,4.3,0
93535,Los Angeles,0,0,1,0.0,17474,843,4.8,0
93536,Los Angeles,1,0,0,21.4,20013,646,3.2,0
93541,Mono,1,1,1,7.7,177,59,33.3,1
93543,Los Angeles,1,0,0,31.4,3362,316,9.4,0
93544,Los Angeles,1,1,1,30.7,394,78,19.8,1
93545,Inyo,1,0,0,8.4,574,39,6.8,0
93546,Mono,1,1,1,11.4,3432,1583,46.1,1
93549,Inyo,1,1,1,4.6,75,7,9.3,0
93550,Los Angeles,1,0,0,7.4,15556,851,5.5,0
93551,Los Angeles,1,0,0,62.9,16249,1213,7.5,0
93552,Los Angeles,1,0,0,14.4,9883,432,4.4,0
93553,Los Angeles,1,1,1,26.5,573,87,15.2,1
93554,Kern,0,0,1,0.0,33,2,6.1,0
93555,Kern,0,0,1,0.0,10644,330,3.1,0
93558,San Bernardino,1,1,1,0.0,4,1,25.0,0
93560,Kern,1,0,0,5.8,5906,207,3.5,0
93561,Kern,1,1,1,86.4,10988,2108,19.2,1
93562,San Bernardino,0,0,1,0.0,381,19,5.0,0
93563,Los Angeles,1,1,1,16.8,30,11,36.7,1
93591,Los Angeles,0,0,1,0.0,1864,136,7.3,0
93601,Madera,1,1,1,78.0,703,339,48.2,1
93602,Fresno,1,1,1,28.6,1066,587,55.1,1
93603,Tulare,1,1,1,59.7,91,52,57.1,1
93604,Madera,1,1,1,3.5,971,585,60.2,1
93606,Fresno,0,0,1,0.0,219,1,0.5,0
93608,Fresno,0,0,1,7.6,116,2,1.7,0
93609,Fresno,0,0,1,0.0,813,11,1.4,0
93610,Madera,1,1,1,9.4,3964,24,0.6,0
93611,Fresno,0,0,1,0.0,14367,28,0.2,0
93612,Fresno,0,0,1,0.0,7225,57,0.8,0
93614,Madera,1,1,1,92.3,4247,1735,40.9,1
93615,Tulare,1,0,0,0.0,809,9,1.1,0
93616,Fresno,0,0,1,0.0,347,2,0.6,0
93618,Tulare,0,0,1,0.0,6062,37,0.6,0
93619,Fresno,1,0,0,36.1,17591,549,3.1,0
93620,Merced,1,0,0,0.0,2186,10,0.5,0
93621,Fresno,1,1,1,52.1,74,24,32.4,1
93622,Fresno,1,0,0,4.3,1567,39,2.5,0
93623,Mariposa,1,1,1,18.3,153,94,61.4,1
93624,Fresno,0,0,1,0.0,5,1,20.0,0
93625,Fresno,0,0,1,0.0,1905,12,0.6,0
93626,Fresno,1,0,0,58.9,835,214,25.6,1
93628,Fresno,1,1,1,1.8,208,142,68.3,1
93630,Fresno,0,0,1,0.0,3681,24,0.7,0
93631,Fresno,0,0,1,0.0,4262,14,0.3,0
93633,Fresno,1,1,1,0.0,122,83,68.0,0
93634,Fresno,1,1,1,0.7,315,149,47.3,1
93635,Merced,1,0,0,6.4,12194,27,0.2,0
93636,Madera,1,1,1,22.0,6217,120,1.9,0
93637,Madera,1,1,1,0.0,8930,64,0.7,0
93638,Madera,1,1,1,8.1,9421,133,1.4,0
93640,Fresno,1,0,0,0.7,1733,66,3.8,0
93641,Fresno,1,1,1,77.2,143,60,42.0,1
93643,Madera,1,1,1,36.4,1149,669,58.2,1
93644,Madera,1,1,1,47.2,3219,1650,51.3,1
93645,Madera,1,1,1,94.6,97,51,52.6,1
93646,Fresno,1,0,0,26.9,1362,19,1.4,0
93647,Tulare,1,0,0,73.6,1719,28,1.6,0
93648,Fresno,0,0,1,0.0,2383,10,0.4,0
93650,Fresno,0,0,1,0.0,892,46,5.2,0
93651,Fresno,1,1,1,94.2,495,178,36.0,1
93653,Madera,1,1,1,92.4,327,112,34.3,1
93654,Fresno,0,0,1,21.6,6113,45,0.7,0
93656,Fresno,0,0,1,0.0,986,6,0.6,0
93657,Fresno,1,0,0,36.3,8376,131,1.6,0
93660,Fresno,0,0,1,0.0,531,5,0.9,0
93662,Fresno,0,0,1,0.0,5999,52,0.9,0
93664,Fresno,1,1,1,23.9,2000,1534,76.7,1
93666,Tulare,0,0,1,0.0,41,8,19.5,0
93667,Fresno,1,1,1,56.6,610,296,48.5,1
93668,Fresno,0,0,1,0.0,185,5,2.7,0
93669,Madera,1,1,1,23.3,201,120,59.7,1
93673,Tulare,0,0,1,0.0,116,1,0.9,0
93675,Fresno,1,1,1,98.8,987,419,42.5,1
93701,Fresno,0,0,1,0.0,1298,29,2.2,0
93702,Fresno,0,0,1,0.0,7000,131,1.9,0
93703,Fresno,0,0,1,0.0,6113,52,0.9,0
93704,Fresno,0,0,1,0.0,7318,41,0.6,0
93705,Fresno,0,0,1,0.0,7654,47,0.6,0
93706,Fresno,0,0,1,0.0,5459,120,2.2,0
93710,Fresno,0,0,1,0.0,5828,12,0.2,0
93711,Fresno,0,0,1,0.0,10668,33,0.3,0
93720,Fresno,0,0,1,0.0,13189,49,0.4,0
93721,Fresno,0,0,1,0.0,182,11,6.0,0
93722,Fresno,0,0,1,0.0,20038,71,0.4,0
93723,Fresno,0,0,1,0.0,3694,16,0.4,0
93725,Fresno,0,0,1,0.0,4377,56,1.3,0
93726,Fresno,0,0,1,0.0,7721,41,0.5,0
93727,Fresno,0,0,1,0.0,18842,72,0.4,0
93728,Fresno,0,0,1,0.0,3767,59,1.6,0
93730,Fresno,0,0,1,0.0,5127,28,0.5,0
93737,Fresno,0,0,1,,2295,9,0.4,0
93901,Monterey,1,1,1,0.0,5875,16,0.3,0
93905,Monterey,1,1,1,0.0,8158,49,0.6,0
93906,Monterey,1,1,1,0.0,11198,40,0.4,0
93907,Monterey,1,1,1,27.0,5760,695,12.1,0
93908,Monterey,1,1,1,51.6,4210,470,11.2,0
93920,Monterey,1,1,1,17.3,255,138,54.1,1
93923,Monterey,1,1,1,89.1,5439,1323,24.3,1
93924,Monterey,1,1,1,61.6,2442,873,35.7,1
93925,Monterey,1,1,1,62.7,222,18,8.1,0
93926,Monterey,1,1,1,30.8,1625,10,0.6,0
93927,Monterey,1,1,1,38.0,3241,76,2.3,0
93930,Monterey,1,1,1,80.4,2991,206,6.9,0
93932,Monterey,1,1,1,76.3,138,13,9.4,0
93933,Monterey,1,1,1,0.0,5421,74,1.4,0
93940,Monterey,1,1,1,54.5,7701,435,5.6,0
93950,Monterey,1,1,1,3.5,5324,49,0.9,0
93953,Monterey,1,1,1,71.8,2315,192,8.3,0
93954,Monterey,1,1,1,92.0,53,3,5.7,0
93955,Monterey,1,1,1,0.3,6312,41,0.6,0
93960,Monterey,1,1,1,56.9,3734,32,0.9,0
93962,Monterey,1,1,1,0.0,224,2,0.9,0
94002,San Mateo,1,0,0,25.2,6719,130,1.9,0
94005,San Mateo,0,0,1,0.1,1191,51,4.3,0
94010,San Mateo,1,0,0,26.1,10742,390,3.6,0
94014,San Mateo,0,0,1,0.0,8880,205,2.3,0
94015,San Mateo,0,0,1,0.0,12691,50,0.4,0
94018,San Mateo,0,0,1,,1164,45,3.9,0
94019,San Mateo,1,0,0,71.9,4576,188,4.1,0
94020,San Mateo,1,1,1,99.9,520,124,23.8,1
94021,San Mateo,1,1,1,100.0,75,24,32.0,1
94022,Santa Clara,0,0,1,23.3,6086,378,6.2,0
94024,Santa Clara,0,0,1,4.6,7687,275,3.6,0
94025,San Mateo,0,0,1,0.0,10443,132,1.3,0
94027,San Mateo,0,0,1,0.0,2212,72,3.3,0
94028,San Mateo,1,0,0,12.7,2222,354,15.9,1
94030,San Mateo,1,0,0,3.0,5733,112,2.0,0
94037,San Mateo,1,0,0,63.4,1027,42,4.1,0
94038,San Mateo,1,0,0,3.8,947,24,2.5,0
94040,Santa Clara,0,0,1,0.0,5347,22,0.4,0
94041,Santa Clara,0,0,1,0.0,2643,11,0.4,0
94043,Santa Clara,1,0,0,0.0,4052,22,0.5,0
94044,San Mateo,1,0,0,17.9,10833,403,3.7,0
94060,San Mateo,1,1,1,87.5,381,114,29.9,1
94061,San Mateo,0,0,1,11.2,8202,64,0.8,0
94062,San Mateo,1,0,0,83.6,8501,534,6.3,0
94063,San Mateo,1,0,0,0.0,3935,31,0.8,0
94065,San Mateo,0,0,1,0.0,2333,8,0.3,0
94066,San Mateo,1,0,0,5.1,9935,189,1.9,0
94070,San Mateo,1,0,0,31.4,8822,168,1.9,0
94074,San Mateo,1,1,1,99.3,67,18,26.9,1
94080,San Mateo,0,0,1,0.0,14131,129,0.9,0
94085,Santa Clara,0,0,1,0.0,2815,13,0.5,0
94086,Santa Clara,0,0,1,0.0,6779,23,0.3,0
94087,Santa Clara,0,0,1,0.0,12681,35,0.3,0
94089,Santa Clara,1,0,0,0.0,3876,43,1.1,0
94102,San Francisco,0,0,1,0.0,641,17,2.7,0
94103,San Francisco,0,0,1,0.0,927,30,3.2,0
94105,San Francisco,0,0,1,0.0,435,9,2.1,0
94107,San Francisco,0,0,1,0.0,2806,36,1.3,0
94108,San Francisco,0,0,1,0.0,198,5,2.5,0
94109,San Francisco,0,0,1,0.0,1697,45,2.7,0
94110,San Francisco,0,0,1,0.0,9801,225,2.3,0
94111,San Francisco,0,0,1,0.0,76,3,3.9,0
94112,San Francisco,1,0,0,0.0,17358,291,1.7,0
94114,San Francisco,0,0,1,0.0,6473,128,2.0,0
94115,San Francisco,0,0,1,0.0,2563,63,2.5,0
94116,San Francisco,0,0,1,0.0,13217,111,0.8,0
94117,San Francisco,0,0,1,0.0,3915,117,3.0,0
94118,San Francisco,0,0,1,0.0,5942,98,1.6,0
94121,San Francisco,0,0,1,0.0,8212,112,1.4,0
94122,San Francisco,0,0,1,0.0,13361,141,1.1,0
94123,San Francisco,0,0,1,0.0,3028,65,2.1,0
94124,San Francisco,0,0,1,0.0,5756,84,1.5,0
94127,San Francisco,0,0,1,0.0,6984,83,1.2,0
94131,San Francisco,0,0,1,0.0,7107,107,1.5,0
94132,San Francisco,0,0,1,0.0,4798,51,1.1,0
94133,San Francisco,0,0,1,0.0,1510,54,3.6,0
94134,San Francisco,1,0,0,0.0,8199,135,1.6,0
94158,San Francisco,0,0,1,0.0,163,6,3.7,0
94301,Santa Clara,0,0,1,0.0,4242,51,1.2,0
94303,San Mateo,1,0,0,0.0,9021,59,0.7,0
94304,Santa Clara,0,0,1,0.2,177,19,10.7,0
94305,Santa Clara,1,0,0,0.0,653,30,4.6,0
94306,Santa Clara,0,0,1,0.0,6468,47,0.7,0
94401,San Mateo,1,0,0,0.0,4948,40,0.8,0
94402,San Mateo,1,0,0,26.2,6873,112,1.6,0
94403,San Mateo,0,0,1,0.0,9261,53,0.6,0
94404,San Mateo,1,0,0,0.0,5945,19,0.3,0
94501,Alameda,1,0,0,0.0,11985,207,1.7,0
94502,Alameda,1,0,0,0.0,3504,6,0.2,0
94503,Napa,1,1,1,0.7,5316,58,1.1,0
94505,Contra Costa,0,0,1,0.0,5855,27,0.5,0
94506,Contra Costa,1,0,0,62.8,7556,1117,14.8,0
94507,Contra Costa,1,0,0,57.1,5263,845,16.1,1
94508,Napa,1,1,1,96.7,735,327,44.5,1
94509,Contra Costa,1,0,0,4.0,17113,197,1.2,0
94510,Solano,0,0,1,0.2,8087,123,1.5,0
94511,Contra Costa,0,0,1,0.0,912,37,4.1,0
94513,Contra Costa,1,0,0,27.7,21190,175,0.8,0
94514,Contra Costa,1,0,0,53.8,404,11,2.7,0
94515,Napa,1,1,1,88.6,2316,565,24.4,1
94517,Contra Costa,0,0,1,93.2,4049,275,6.8,0
94518,Contra Costa,1,0,0,0.0,7399,43,0.6,0
94519,Contra Costa,1,0,0,0.0,5894,20,0.3,0
94520,Contra Costa,1,0,0,1.1,5487,47,0.9,0
94521,Contra Costa,1,0,0,31.9,11883,114,1.0,0
94523,Contra Costa,1,0,0,1.3,9230,164,1.8,0
94525,Contra Costa,1,0,0,34.9,1156,111,9.6,0
94526,Contra Costa,1,0,0,15.3,10148,680,6.7,0
94528,Contra Costa,1,0,0,88.2,362,119,32.9,1
94530,Contra Costa,1,0,0,59.9,7861,413,5.3,0
94531,Contra Costa,1,0,0,0.0,13552,153,1.1,0
94533,Solano,1,0,0,10.9,18500,114,0.6,0
94534,Solano,1,0,0,35.1,12763,403,3.2,0
94536,Alameda,1,0,0,0.2,14586,112,0.8,0
94538,Alameda,1,0,0,0.0,10558,36,0.3,0
94539,Alameda,1,0,0,7.4,13960,111,0.8,0
94541,Alameda,1,0,0,0.0,11698,196,1.7,0
94542,Alameda,1,0,0,19.0,3792,228,6.0,0
94544,Alameda,1,0,0,6.6,13221,157,1.2,0
94545,Alameda,1,0,0,0.0,7628,44,0.6,0
94546,Alameda,1,0,0,48.5,11899,332,2.8,0
94547,Contra Costa,1,0,0,2.3,6098,120,2.0,0
94548,Contra Costa,0,0,1,0.0,120,1,0.8,0
94549,Contra Costa,1,0,0,54.6,8742,1869,21.4,1
94550,Alameda,1,0,0,87.6,15217,84,0.6,0
94551,Alameda,1,0,0,73.0,10262,252,2.5,0
94552,Alameda,1,0,0,76.5,4249,484,11.4,0
94553,Contra Costa,1,0,0,49.3,14765,589,4.0,0
94555,Alameda,1,0,0,0.0,8416,28,0.3,0
94556,Contra Costa,1,0,0,30.3,4473,632,14.1,0
94558,Napa,1,1,1,67.7,19125,991,5.2,0
94559,Napa,1,1,1,13.4,7096,70,1.0,0
94560,Alameda,1,0,0,0.0,11528,30,0.3,0
94561,Contra Costa,0,0,1,0.0,13521,91,0.7,0
94563,Contra Costa,1,0,0,47.5,6711,2674,39.8,1
94564,Contra Costa,0,0,1,8.0,5370,155,2.9,0
94565,Contra Costa,0,0,1,23.9,22141,304,1.4,0
94566,Alameda,0,0,1,19.1,12067,300,2.5,0
94567,Napa,1,1,1,74.8,231,145,62.8,1
94568,Alameda,1,0,0,7.6,13780,283,2.1,0
94569,Contra Costa,1,0,0,100.0,82,16,19.5,1
94571,Solano,0,0,1,0.0,5229,17,0.3,0
94572,Contra Costa,1,0,0,19.4,2439,26,1.1,0
94574,Napa,1,1,1,81.7,2681,591,22.0,1
94576,Napa,1,1,1,100.0,50,18,36.0,1
94577,Alameda,1,0,0,3.4,10986,175,1.6,0
94578,Alameda,1,0,0,20.6,6905,81,1.2,0
94579,Alameda,1,0,0,0.0,6086,51,0.8,0
94580,Alameda,1,0,0,0.0,7654,42,0.5,0
94582,Contra Costa,1,0,0,2.3,10112,140,1.4,0
94583,Contra Costa,1,0,0,45.6,9872,374,3.8,0
94585,Solano,1,0,0,0.0,8032,35,0.4,0
94586,Alameda,1,0,0,71.6,326,91,27.9,1
94587,Alameda,1,0,0,0.4,15146,104,0.7,0
94588,Alameda,1,0,0,63.4,7470,233,3.1,0
94589,Solano,1,0,0,1.3,7691,54,0.7,0
94590,Solano,0,0,1,0.0,9025,132,1.5,0
94591,Solano,0,0,1,0.2,16023,168,1.0,0
94592,Solano,1,0,0,0.0,307,6,2.0,0
94595,Contra Costa,1,0,0,2.7,2767,269,9.7,0
94596,Contra Costa,1,0,0,0.3,4211,110,2.6,0
94597,Contra Costa,1,0,0,0.1,4102,117,2.9,0
94598,Contra Costa,1,0,0,40.4,7500,96,1.3,0
94599,Napa,1,1,1,8.7,842,25,3.0,0
94601,Alameda,1,0,0,0.0,7342,308,4.2,0
94602,Alameda,1,0,0,42.3,8322,337,4.0,0
94603,Alameda,0,0,1,0.0,6862,149,2.2,0
94605,Alameda,1,0,0,64.2,11322,630,5.6,0
94606,Alameda,0,0,1,0.0,4429,218,4.9,0
94607,Alameda,0,0,1,0.0,2405,123,5.1,0
94608,Alameda,0,0,1,0.0,4952,188,3.8,0
94609,Alameda,0,0,1,0.0,4116,124,3.0,0
94610,Alameda,1,0,0,0.3,5232,139,2.7,0
94611,Alameda,1,0,0,75.0,10381,2768,26.7,1
94612,Alameda,0,0,1,0.0,467,30,6.4,0
94613,Alameda,1,0,0,0.0,,1,,
94618,Alameda,1,0,0,27.6,5158,254,4.9,0
94619,Alameda,0,0,1,90.1,7315,414,5.7,0
94621,Alameda,0,0,1,0.0,5616,200,3.6,0
94702,Alameda,0,0,1,0.0,4517,86,1.9,0
94703,Alameda,0,0,1,0.0,4180,131,3.1,0
94704,Alameda,0,0,1,27.5,966,146,15.1,1
94705,Alameda,0,0,1,75.5,3654,494,13.5,0
94706,Alameda,0,0,1,0.0,4528,75,1.7,0
94707,Alameda,0,0,1,35.0,4884,416,8.5,0
94708,Alameda,0,0,1,91.6,4353,761,17.5,1
94709,Alameda,0,0,1,11.8,1247,100,8.0,0
94710,Alameda,0,0,1,0.0,1431,43,3.0,0
94720,Alameda,0,0,1,59.2,1,1,100.0,1
94801,Contra Costa,0,0,1,0.0,5468,144,2.6,0
94803,Contra Costa,0,0,1,59.1,7393,521,7.0,0
94804,Contra Costa,0,0,1,0.0,9468,188,2.0,0
94805,Contra Costa,0,0,1,19.5,4440,179,4.0,0
94806,Contra Costa,0,0,1,0.6,11710,212,1.8,0
94901,Marin,1,1,1,0.4,8718,320,3.7,0
94903,Marin,1,1,1,32.1,7497,239,3.2,0
94904,Marin,1,1,1,35.0,3072,179,5.8,0
94920,Marin,1,1,1,0.3,3667,120,3.3,0
94922,Sonoma,0,0,1,3.9,94,13,13.8,0
94923,Sonoma,0,0,1,24.2,1193,113,9.5,0
94924,Marin,1,1,1,14.9,591,38,6.4,0
94925,Marin,1,1,1,0.1,2710,149,5.5,0
94928,Sonoma,0,0,1,0.0,10690,65,0.6,0
94929,Marin,1,1,1,0.0,310,26,8.4,0
94930,Marin,1,1,1,57.6,2887,298,10.3,0
94931,Sonoma,0,0,1,0.0,2444,31,1.3,0
94933,Marin,1,1,1,100.0,330,58,17.6,1
94937,Marin,1,1,1,8.9,798,293,36.7,1
94938,Marin,1,1,1,23.9,264,52,19.7,1
94939,Marin,1,1,1,13.2,1869,125,6.7,0
94940,Marin,1,1,1,43.9,91,26,28.6,1
94941,Marin,1,1,1,58.5,9468,935,9.9,0
94945,Marin,1,1,1,21.3,5241,236,4.5,0
94946,Marin,1,1,1,82.8,233,45,19.3,1
94947,Marin,1,1,1,66.6,6689,257,3.8,0
94949,Marin,1,1,1,27.2,3978,196,4.9,0
94951,Sonoma,0,0,1,24.3,1422,77,5.4,0
94952,Sonoma,0,0,1,29.9,10098,254,2.5,0
94954,Sonoma,0,0,1,31.6,11019,85,0.8,0
94956,Marin,1,1,1,16.7,453,64,14.1,0
94957,Marin,1,1,1,0.1,671,46,6.9,0
94960,Marin,1,1,1,3.2,5161,243,4.7,0
94963,Marin,1,1,1,99.9,235,22,9.4,0
94965,Marin,1,1,1,5.0,2549,481,18.9,1
94970,Marin,1,1,1,59.5,513,62,12.1,0
94971,Marin,1,1,1,0.5,102,3,2.9,0
94972,Sonoma,0,0,1,0.0,40,1,2.5,0
94973,Marin,1,1,1,94.8,595,65,10.9,0
95002,Santa Clara,0,0,1,0.0,401,11,2.7,0
95003,Santa Cruz,1,1,1,54.8,8956,1248,13.9,0
95004,Monterey,1,1,1,78.2,1160,146,12.6,0
95005,Santa Cruz,1,1,1,76.4,2194,991,45.2,1
95006,Santa Cruz,1,1,1,100.0,3327,1542,46.3,1
95007,Santa Cruz,1,1,1,79.8,179,156,87.2,1
95008,Santa Clara,0,0,1,0.0,9876,31,0.3,0
95010,Santa Cruz,1,1,1,0.0,2704,27,1.0,0
95012,Monterey,1,1,1,1.1,1704,63,3.7,0
95013,Santa Clara,0,0,1,18.6,13,2,15.4,1
95014,Santa Clara,0,0,1,58.6,13385,223,1.7,0
95017,Santa Cruz,1,1,1,82.6,158,27,17.1,1
95018,Santa Cruz,1,1,1,65.0,2840,1421,50.0,1
95019,Santa Cruz,1,1,1,0.0,986,13,1.3,0
95020,Santa Clara,0,0,1,62.7,15061,404,2.7,0
95023,San Benito,0,0,1,70.8,14858,247,1.7,0
95030,Santa Clara,0,0,1,81.7,4292,680,15.8,1
95032,Santa Clara,0,0,1,66.2,7375,300,4.1,0
95033,Santa Cruz,1,1,1,96.9,3258,2023,62.1,1
95035,Santa Clara,0,0,1,16.4,13487,109,0.8,0
95037,Santa Clara,0,0,1,81.5,13040,621,4.8,0
95039,Monterey,1,1,1,0.0,268,5,1.9,0
95041,Santa Cruz,1,1,1,100.0,165,95,57.6,1
95043,San Benito,1,1,1,80.3,141,55,39.0,1
95045,San Benito,0,0,1,53.2,1114,94,8.4,0
95046,Santa Clara,0,0,1,37.3,1493,84,5.6,0
95050,Santa Clara,0,0,1,0.0,6773,33,0.5,0
95051,Santa Clara,0,0,1,0.0,11147,31,0.3,0
95054,Santa Clara,0,0,1,0.0,2916,5,0.2,0
95060,Santa Cruz,1,1,1,51.1,11718,1423,12.1,0
95062,Santa Cruz,1,1,1,0.0,10500,83,0.8,0
95064,Santa Cruz,1,1,1,0.4,110,9,8.2,0
95065,Santa Cruz,1,1,1,58.9,2292,541,23.6,1
95066,Santa Cruz,1,1,1,69.1,4513,1484,32.9,1
95070,Santa Clara,0,0,1,69.1,10303,719,7.0,0
95073,Santa Cruz,1,1,1,78.5,3420,739,21.6,1
95075,San Benito,0,0,1,81.1,166,14,8.4,0
95076,Santa Cruz,1,1,1,48.1,16335,1002,6.1,0
95110,Santa Clara,0,0,1,0.0,2398,42,1.8,0
95111,Santa Clara,0,0,1,0.0,9540,175,1.8,0
95112,Santa Clara,0,0,1,0.0,7062,124,1.8,0
95116,Santa Clara,0,0,1,0.0,6429,77,1.2,0
95117,Santa Clara,0,0,1,0.0,3942,20,0.5,0
95118,Santa Clara,0,0,1,0.0,8325,31,0.4,0
95119,Santa Clara,0,0,1,19.9,2788,26,0.9,0
95120,Santa Clara,0,0,1,63.1,12107,332,2.7,0
95121,Santa Clara,0,0,1,0.0,8049,64,0.8,0
95122,Santa Clara,0,0,1,0.0,8237,86,1.0,0
95123,Santa Clara,0,0,1,0.3,14667,83,0.6,0
95124,Santa Clara,0,0,1,0.4,14446,56,0.4,0
95125,Santa Clara,0,0,1,0.0,14083,55,0.4,0
95126,Santa Clara,0,0,1,0.0,4718,45,1.0,0
95127,Santa Clara,0,0,1,44.6,12575,236,1.9,0
95128,Santa Clara,0,0,1,0.0,6866,31,0.5,0
95129,Santa Clara,0,0,1,0.0,8849,34,0.4,0
95130,Santa Clara,0,0,1,0.0,3582,3,0.1,0
95131,Santa Clara,0,0,1,0.0,5572,28,0.5,0
95132,Santa Clara,0,0,1,78.4,10050,73,0.7,0
95133,Santa Clara,0,0,1,0.0,4492,26,0.6,0
95134,Santa Clara,0,0,1,0.0,772,29,3.8,0
95135,Santa Clara,0,0,1,81.4,4522,91,2.0,0
95136,Santa Clara,0,0,1,0.0,8369,65,0.8,0
95138,Santa Clara,0,0,1,57.5,4563,78,1.7,0
95139,Santa Clara,0,0,1,7.8,1843,9,0.5,0
95140,Santa Clara,0,0,1,99.9,121,31,25.6,1
95148,Santa Clara,0,0,1,39.0,10982,134,1.2,0
95202,San Joaquin,0,0,1,0.0,436,27,6.2,0
95203,San Joaquin,0,0,1,0.0,3513,78,2.2,0
95204,San Joaquin,0,0,1,0.0,9116,82,0.9,0
95205,San Joaquin,0,0,1,0.0,7801,160,2.1,0
95206,San Joaquin,0,0,1,0.0,14803,145,1.0,0
95207,San Joaquin,0,0,1,0.0,9204,57,0.6,0
95209,San Joaquin,0,0,1,0.0,12045,38,0.3,0
95210,San Joaquin,0,0,1,0.0,8229,52,0.6,0
95212,San Joaquin,0,0,1,0.0,7656,35,0.5,0
95215,San Joaquin,0,0,1,0.0,5014,91,1.8,0
95219,San Joaquin,0,0,1,0.0,7975,18,0.2,0
95220,San Joaquin,0,0,1,0.0,1787,16,0.9,0
95222,Calaveras,1,1,1,77.6,1965,656,33.4,1
95223,Calaveras,1,1,1,10.6,6888,4735,68.7,1
95225,Calaveras,1,1,1,99.4,208,40,19.2,1
95226,Calaveras,1,1,1,93.1,18,13,72.2,1
95227,San Joaquin,0,0,1,0.4,191,6,3.1,0
95228,Calaveras,1,1,1,99.7,2450,902,36.8,1
95230,San Joaquin,0,0,1,46.1,92,8,8.7,0
95231,San Joaquin,0,0,1,0.0,542,7,1.3,0
95232,Calaveras,1,1,1,54.7,122,57,46.7,1
95236,San Joaquin,0,0,1,3.8,940,10,1.1,0
95237,San Joaquin,0,0,1,0.0,1020,10,1.0,0
95240,San Joaquin,0,0,1,0.0,10436,55,0.5,0
95242,San Joaquin,0,0,1,0.0,9106,25,0.3,0
95245,Calaveras,1,1,1,87.5,830,383,46.1,1
95246,Calaveras,1,1,1,90.9,623,344,55.2,1
95247,Calaveras,1,1,1,87.4,2112,1308,61.9,1
95249,Calaveras,1,1,1,85.8,1172,429,36.6,1
95251,Calaveras,1,1,1,84.4,265,166,62.6,1
95252,Calaveras,1,1,1,93.2,5078,746,14.7,0
95253,San Joaquin,0,0,1,,48,2,4.2,0
95254,Calaveras,1,1,1,97.1,213,28,13.1,0
95255,Calaveras,1,1,1,68.1,705,433,61.4,1
95257,Calaveras,1,1,1,80.7,245,161,65.7,1
95258,San Joaquin,0,0,1,0.0,1271,4,0.3,0
95301,Merced,0,0,1,0.0,9148,25,0.3,0
95303,Merced,0,0,1,0.0,77,1,1.3,0
95304,San Joaquin,0,0,1,25.9,3219,30,0.9,0
95305,Tuolumne,1,1,1,56.5,29,28,96.6,1
95306,Mariposa,1,1,1,81.7,318,126,39.6,1
95307,Stanislaus,0,0,1,0.0,9782,64,0.7,0
95310,Tuolumne,1,1,1,33.3,667,397,59.5,1
95311,Mariposa,1,1,1,29.9,721,388,53.8,1
95313,Stanislaus,0,0,1,0.0,162,5,3.1,0
95315,Merced,0,0,1,0.0,2649,15,0.6,0
95316,Stanislaus,0,0,1,0.0,1729,12,0.7,0
95317,Merced,0,0,1,0.0,37,3,8.1,0
95318,Mariposa,1,1,1,6.3,92,59,64.1,1
95319,Stanislaus,0,0,1,0.0,375,4,1.1,0
95320,San Joaquin,0,0,1,0.0,3171,18,0.6,0
95321,Tuolumne,1,1,1,26.5,2998,2117,70.6,1
95322,Merced,0,0,1,24.2,2376,28,1.2,0
95323,Stanislaus,0,0,1,0.0,211,3,1.4,0
95324,Merced,0,0,1,0.0,1746,9,0.5,0
95326,Stanislaus,0,0,1,0.0,2531,9,0.4,0
95327,Tuolumne,1,1,1,80.5,1834,817,44.5,1
95328,Stanislaus,0,0,1,0.0,1101,7,0.6,0
95329,Tuolumne,1,1,1,75.5,1102,402,36.5,1
95330,San Joaquin,0,0,1,0.0,9716,16,0.2,0
95333,Merced,0,0,1,13.3,484,6,1.2,0
95334,Merced,0,0,1,0.0,3387,24,0.7,0
95335,Tuolumne,1,1,1,26.3,1186,911,76.8,1
95336,San Joaquin,0,0,1,0.0,13633,50,0.4,0
95337,San Joaquin,0,0,1,0.0,13099,34,0.3,0
95338,Mariposa,1,1,1,78.0,3909,2139,54.7,1
95340,Merced,0,0,1,0.5,10646,43,0.4,0
95341,Merced,0,0,1,0.0,6170,31,0.5,0
95345,Mariposa,1,1,1,37.4,219,152,69.4,1
95346,Tuolumne,1,1,1,74.5,1070,774,72.3,1
95348,Merced,0,0,1,0.0,8279,44,0.5,0
95350,Stanislaus,0,0,1,0.0,14286,51,0.4,0
95351,Stanislaus,0,0,1,0.0,9487,74,0.8,0
95354,Stanislaus,0,0,1,0.0,6893,39,0.6,0
95355,Stanislaus,0,0,1,0.0,16831,48,0.3,0
95356,Stanislaus,0,0,1,0.0,9045,29,0.3,0
95357,Stanislaus,0,0,1,0.0,3255,18,0.6,0
95358,Stanislaus,0,0,1,0.0,6654,45,0.7,0
95360,Stanislaus,0,0,1,81.8,3298,12,0.4,0
95361,Stanislaus,0,0,1,33.2,9605,77,0.8,0
95363,Stanislaus,0,0,1,45.9,7308,60,0.8,0
95364,Alpine,1,1,1,0.6,474,173,36.5,1
95365,Merced,0,0,1,7.5,919,2,0.2,0
95366,San Joaquin,0,0,1,0.0,5149,6,0.1,0
95367,Stanislaus,0,0,1,0.0,6846,20,0.3,0
95368,Stanislaus,0,0,1,0.0,3975,22,0.6,0
95369,Merced,1,1,1,39.4,187,24,12.8,0
95370,Tuolumne,1,1,1,82.0,9428,5103,54.1,1
95372,Tuolumne,1,1,1,97.6,680,413,60.7,1
95374,Merced,0,0,1,0.0,241,4,1.7,0
95376,San Joaquin,0,0,1,0.0,13531,43,0.3,0
95377,San Joaquin,0,0,1,62.9,10938,44,0.4,0
95379,Tuolumne,1,1,1,43.2,1246,775,62.2,1
95380,Stanislaus,0,0,1,0.0,8838,44,0.5,0
95382,Stanislaus,0,0,1,0.0,10192,16,0.2,0
95383,Tuolumne,1,1,1,30.6,3009,2145,71.3,1
95385,Stanislaus,0,0,1,0.0,22,1,4.5,0
95386,Stanislaus,0,0,1,22.6,2440,6,0.2,0
95388,Merced,0,0,1,0.0,2652,15,0.6,0
95389,Mariposa,1,1,1,0.7,427,319,74.7,1
95391,San Joaquin,0,0,1,69.6,7176,23,0.3,0
95401,Sonoma,0,0,1,0.0,9190,60,0.7,0
95403,Sonoma,0,0,1,27.7,11119,287,2.6,0
95404,Sonoma,0,0,1,73.5,11841,1084,9.2,0
95405,Sonoma,0,0,1,11.1,6623,142,2.1,0
95407,Sonoma,0,0,1,0.0,8108,96,1.2,0
95409,Sonoma,0,0,1,76.0,9144,731,8.0,0
95410,Mendocino,1,1,1,15.0,419,82,19.6,1
95412,Sonoma,1,1,1,75.6,90,12,13.3,0
95415,Mendocino,1,1,1,87.3,380,88,23.2,1
95417,Mendocino,1,1,1,81.8,50,9,18.0,1
95419,Sonoma,0,0,1,,257,44,17.1,0
95420,Mendocino,1,1,1,16.8,127,35,27.6,1
95421,Sonoma,0,0,1,89.6,809,257,31.8,1
95422,Lake,1,1,1,47.3,4600,897,19.5,1
95423,Lake,1,1,1,55.9,1885,389,20.6,1
95425,Sonoma,0,0,1,86.2,3436,400,11.6,0
95426,Lake,1,1,1,99.1,791,423,53.5,1
95427,Mendocino,1,1,1,15.0,138,24,17.4,1
95428,Mendocino,1,1,1,63.7,363,45,12.4,0
95429,Mendocino,1,1,1,95.5,27,20,74.1,1
95432,Mendocino,1,1,1,56.9,160,28,17.5,1
95436,Sonoma,0,0,1,50.8,2340,363,15.5,1
95437,Mendocino,1,1,1,14.8,5117,490,9.6,0
95439,Sonoma,0,0,1,0.0,174,5,2.9,0
95441,Sonoma,1,1,1,77.0,591,146,24.7,1
95442,Sonoma,0,0,1,86.2,1321,373,28.2,1
95443,Lake,1,1,1,99.8,118,48,40.7,1
95444,Sonoma,0,0,1,0.0,284,6,2.1,0
95445,Mendocino,1,1,1,93.6,1172,358,30.5,1
95446,Sonoma,0,0,1,97.9,2739,1060,38.7,1
95448,Sonoma,0,0,1,75.3,5717,623,10.9,0
95449,Mendocino,1,1,1,89.3,359,76,21.2,1
95450,Sonoma,1,1,1,60.6,310,94,30.3,1
95451,Lake,1,1,1,83.2,4408,1448,32.8,1
95452,Sonoma,0,0,1,86.6,665,155,23.3,1
95453,Lake,1,1,1,59.0,3862,524,13.6,0
95454,Mendocino,1,1,1,86.2,538,149,27.7,1
95456,Mendocino,1,1,1,63.8,398,147,36.9,1
95457,Lake,1,1,1,69.9,1110,491,44.2,1
95458,Lake,1,1,1,44.3,1130,279,24.7,1
95459,Mendocino,1,1,1,71.9,294,60,20.4,1
95460,Mendocino,1,1,1,21.1,1199,177,14.8,0
95461,Lake,1,1,1,92.9,1134,515,45.4,1
95462,Sonoma,0,0,1,68.3,907,254,28.0,1
95463,Mendocino,1,1,1,69.4,58,20,34.5,1
95464,Lake,1,1,1,79.8,752,206,27.4,1
95465,Sonoma,0,0,1,23.8,670,105,15.7,1
95466,Mendocino,1,1,1,92.3,307,90,29.3,1
95467,Lake,1,1,1,80.8,2406,453,18.8,1
95468,Mendocino,1,1,1,77.9,337,50,14.8,0
95469,Mendocino,1,1,1,54.8,550,154,28.0,1
95470,Mendocino,1,1,1,83.9,1662,289,17.4,1
95471,Sonoma,0,0,1,100.0,116,22,19.0,1
95472,Sonoma,0,0,1,14.6,9818,428,4.4,0
95476,Sonoma,0,0,1,35.0,11624,704,6.1,0
95482,Mendocino,1,1,1,72.0,7691,1225,15.9,1
95485,Lake,1,1,1,42.7,703,174,24.8,1
95488,Mendocino,1,1,1,90.6,100,22,22.0,1
95490,Mendocino,1,1,1,78.2,3939,1024,26.0,1
95492,Sonoma,0,0,1,1.9,8676,117,1.3,0
95493,Lake,1,1,1,71.0,57,24,42.1,1
95494,Mendocino,1,1,1,98.3,147,52,35.4,1
95497,Sonoma,0,0,1,59.2,1451,316,21.8,1
95501,Humboldt,1,1,1,0.0,6530,158,2.4,0
95503,Humboldt,1,1,1,2.7,8353,507,6.1,0
95511,Humboldt,1,1,1,99.9,28,10,35.7,1
95514,Humboldt,1,1,1,97.8,33,10,30.3,1
95519,Humboldt,1,1,1,0.0,6062,295,4.9,0
95521,Humboldt,1,1,1,21.0,5030,279,5.5,0
95524,Humboldt,1,1,1,0.0,639,59,9.2,0
95525,Humboldt,1,1,1,78.8,527,69,13.1,0
95526,Trinity,1,1,1,88.4,165,54,32.7,1
95527,Trinity,1,1,1,8.2,149,64,43.0,1
95528,Humboldt,1,1,1,48.0,337,65,19.3,1
95531,Del Norte,1,1,1,8.1,5936,489,8.2,0
95536,Humboldt,1,1,1,16.6,786,40,5.1,0
95540,Humboldt,1,1,1,5.3,4333,210,4.8,0
95542,Humboldt,1,1,1,91.5,618,219,35.4,1
95543,Del Norte,1,1,1,6.4,332,106,31.9,1
95546,Humboldt,1,1,1,30.2,163,39,23.9,1
95547,Humboldt,1,1,1,0.0,414,18,4.3,0
95548,Del Norte,1,1,1,34.0,239,33,13.8,0
95549,Humboldt,1,1,1,66.0,301,50,16.6,1
95550,Humboldt,1,1,1,76.7,38,23,60.5,1
95551,Humboldt,1,1,1,0.0,422,22,5.2,0
95552,Trinity,1,1,1,12.7,148,59,39.9,1
95554,Humboldt,1,1,1,65.2,182,109,59.9,1
95555,Humboldt,1,1,1,38.9,84,15,17.9,1
95556,Humboldt,1,1,1,5.4,115,45,39.1,1
95558,Humboldt,1,1,1,60.7,116,34,29.3,1
95560,Humboldt,1,1,1,94.0,445,119,26.7,1
95562,Humboldt,1,1,1,59.7,1057,100,9.5,0
95563,Trinity,1,1,1,14.6,286,156,54.5,1
95564,Humboldt,1,1,1,0.0,108,6,5.6,0
95565,Humboldt,1,1,1,85.9,189,43,22.8,1
95567,Del Norte,1,1,1,44.5,642,39,6.1,0
95568,Siskiyou,1,1,1,2.8,19,4,21.1,1
95569,Humboldt,1,1,1,97.8,55,12,21.8,1
95570,Humboldt,1,1,1,0.0,1020,159,15.6,0
95573,Humboldt,1,1,1,35.8,652,240,36.8,1
95585,Mendocino,1,1,1,68.1,69,13,18.8,1
95587,Mendocino,1,1,1,98.3,41,17,41.5,1
95589,Humboldt,1,1,1,66.1,612,170,27.8,1
95595,Trinity,1,1,1,57.3,21,11,52.4,1
95601,Amador,1,1,1,84.2,101,56,55.4,1
95602,Placer,1,1,1,66.0,6185,2933,47.4,1
95603,Placer,1,1,1,49.3,9060,2135,23.6,1
95605,Yolo,0,0,1,0.0,3020,25,0.8,0
95606,Yolo,0,0,1,75.3,43,7,16.3,1
95607,Yolo,1,1,1,88.3,76,10,13.2,0
95608,Sacramento,0,0,1,0.0,16638,34,0.2,0
95610,Sacramento,0,0,1,0.0,11090,42,0.4,0
95612,Yolo,0,0,1,0.0,244,4,1.6,0
95614,El Dorado,1,1,1,75.9,1611,779,48.4,1
95615,Sacramento,0,0,1,0.0,120,1,0.8,0
95616,Yolo,0,0,1,0.0,8781,12,0.1,0
95618,Yolo,0,0,1,0.0,6470,22,0.3,0
95619,El Dorado,1,1,1,77.6,1429,622,43.5,1
95620,Solano,0,0,1,0.0,6379,9,0.1,0
95621,Sacramento,0,0,1,0.0,12038,40,0.3,0
95623,El Dorado,1,1,1,90.8,1486,785,52.8,1
95624,Sacramento,0,0,1,0.0,19299,64,0.3,0
95626,Sacramento,0,0,1,0.0,1800,9,0.5,0
95627,Yolo,0,0,1,16.3,918,9,1.0,0
95628,Sacramento,0,0,1,0.0,14087,39,0.3,0
95629,Amador,1,1,1,98.0,404,230,56.9,1
95630,Sacramento,0,0,1,0.3,24694,313,1.3,0
95631,Placer,1,1,1,38.1,2267,1742,76.8,1
95632,Sacramento,0,0,1,0.0,8857,28,0.3,0
95633,El Dorado,1,1,1,75.0,1149,875,76.2,1
95634,El Dorado,1,1,1,52.5,1135,817,72.0,1
95635,El Dorado,1,1,1,76.8,407,300,73.7,1
95636,El Dorado,1,1,1,9.3,266,145,54.5,1
95637,Yolo,0,0,1,72.3,109,20,18.3,1
95638,Sacramento,0,0,1,7.9,585,17,2.9,0
95640,Amador,1,1,1,79.8,3377,444,13.1,0
95641,Sacramento,0,0,1,0.0,592,14,2.4,0
95642,Amador,1,1,1,90.0,2552,641,25.1,1
95645,Sutter,0,0,1,0.0,322,1,0.3,0
95648,Placer,1,1,1,34.7,22053,289,1.3,0
95650,Placer,1,1,1,29.2,4498,725,16.1,1
95651,El Dorado,1,1,1,84.7,258,130,50.4,1
95653,Yolo,0,0,1,0.0,112,1,0.9,0
95655,Sacramento,0,0,1,0.0,1265,3,0.2,0
95658,Placer,1,1,1,80.7,2327,636,27.3,1
95660,Sacramento,0,0,1,0.0,7783,30,0.4,0
95661,Placer,1,1,1,0.0,9371,17,0.2,0
95662,Sacramento,0,0,1,0.0,10508,31,0.3,0
95663,Placer,1,1,1,42.1,932,140,15.0,1
95664,El Dorado,1,1,1,70.0,445,307,69.0,1
95665,Amador,1,1,1,93.4,1754,1138,64.9,1
95666,Amador,1,1,1,53.7,3185,2216,69.6,1
95667,El Dorado,1,1,1,78.8,12369,7398,59.8,1
95668,Sutter,0,0,1,0.0,151,2,1.3,0
95669,Amador,1,1,1,93.4,958,337,35.2,1
95670,Sacramento,0,0,1,0.0,14210,63,0.4,0
95672,El Dorado,1,1,1,80.9,1552,693,44.7,1
95673,Sacramento,0,0,1,0.0,4521,32,0.7,0
95674,Sutter,0,0,1,0.0,160,3,1.9,0
95677,Placer,1,1,1,0.0,8452,92,1.1,0
95678,Placer,1,1,1,0.0,11850,23,0.2,0
95679,Yolo,1,1,1,30.0,29,9,31.0,1
95681,Placer,1,1,1,7.9,396,21,5.3,0
95682,El Dorado,1,1,1,93.6,8810,2577,29.3,1
95683,Sacramento,0,0,1,39.6,2623,70,2.7,0
95684,El Dorado,1,1,1,65.8,1250,774,61.9,1
95685,Amador,1,1,1,87.7,1803,611,33.9,1
95686,San Joaquin,0,0,1,0.0,200,2,1.0,0
95687,Solano,0,0,1,0.5,18586,49,0.3,0
95688,Solano,0,0,1,61.3,11726,227,1.9,0
95689,Amador,1,1,1,93.0,684,391,57.2,1
95690,Sacramento,0,0,1,0.0,469,5,1.1,0
95691,Yolo,0,0,1,0.0,10969,27,0.2,0
95692,Yuba,0,0,1,14.5,1398,34,2.4,0
95693,Sacramento,0,0,1,0.7,2245,31,1.4,0
95694,Yolo,0,0,1,47.6,2743,57,2.1,0
95695,Yolo,0,0,1,0.0,9318,16,0.2,0
95698,Yolo,0,0,1,0.0,55,1,1.8,0
95699,Amador,1,1,1,99.9,48,24,50.0,1
95701,Placer,1,1,1,81.9,427,287,67.2,1
95703,Placer,1,1,1,53.9,641,383,59.8,1
95709,El Dorado,1,1,1,82.0,1769,1061,60.0,1
95713,Placer,1,1,1,69.2,3192,2006,62.8,1
95714,Placer,1,1,1,91.1,203,116,57.1,1
95715,Placer,1,1,1,54.3,136,73,53.7,1
95717,Placer,1,1,1,69.9,83,47,56.6,1
95720,El Dorado,1,1,1,10.6,333,156,46.8,1
95721,El Dorado,1,1,1,10.5,123,55,44.7,1
95722,Placer,1,1,1,93.4,1916,1334,69.6,1
95724,Placer,1,1,1,41.0,160,71,44.4,1
95726,El Dorado,1,1,1,48.7,3760,2691,71.6,1
95728,Nevada,1,1,1,69.4,1114,533,47.8,1
95735,El Dorado,1,1,1,1.1,321,128,39.9,1
95736,Placer,1,1,1,100.0,96,13,13.5,0
95742,Sacramento,0,0,1,0.0,6436,39,0.6,0
95746,Placer,1,1,1,12.1,7838,709,9.0,0
95747,Placer,1,1,1,0.0,29740,87,0.3,0
95757,Sacramento,0,0,1,0.0,15888,43,0.3,0
95758,Sacramento,0,0,1,0.0,18694,62,0.3,0
95762,El Dorado,1,1,1,44.8,16900,1668,9.9,0
95765,Placer,1,1,1,0.0,12115,32,0.3,0
95776,Yolo,0,0,1,0.0,7154,19,0.3,0
95811,Sacramento,0,0,1,0.0,872,13,1.5,0
95814,Sacramento,0,1,0,0.0,607,7,1.2,0
95815,Sacramento,0,0,1,0.0,5253,52,1.0,0
95816,Sacramento,0,0,1,0.0,4235,28,0.7,0
95817,Sacramento,0,0,1,0.0,4395,28,0.6,0
95818,Sacramento,0,0,1,0.0,7152,38,0.5,0
95819,Sacramento,0,0,1,0.0,7091,10,0.1,0
95820,Sacramento,0,0,1,0.0,11075,63,0.6,0
95821,Sacramento,0,0,1,0.0,8057,20,0.2,0
95822,Sacramento,0,0,1,0.0,13109,66,0.5,0
95823,Sacramento,0,0,1,0.0,15507,68,0.4,0
95824,Sacramento,0,0,1,0.0,6145,36,0.6,0
95825,Sacramento,0,0,1,0.0,3070,13,0.4,0
95826,Sacramento,0,0,1,0.0,9946,20,0.2,0
95827,Sacramento,0,0,1,0.0,5370,26,0.5,0
95828,Sacramento,0,0,1,0.0,15619,103,0.7,0
95829,Sacramento,0,0,1,0.0,9636,56,0.6,0
95830,Sacramento,0,0,1,0.0,251,2,0.8,0
95831,Sacramento,0,0,1,0.0,12683,13,0.1,0
95832,Sacramento,0,0,1,0.0,2536,15,0.6,0
95833,Sacramento,0,0,1,0.0,8883,30,0.3,0
95834,Sacramento,0,0,1,0.0,8342,15,0.2,0
95835,Sacramento,0,0,1,0.0,12281,21,0.2,0
95837,Sacramento,0,0,1,0.0,104,4,3.8,0
95838,Sacramento,0,0,1,0.0,9107,63,0.7,0
95841,Sacramento,0,0,1,0.0,3673,15,0.4,0
95842,Sacramento,0,0,1,0.0,7419,17,0.2,0
95843,Sacramento,0,0,1,0.0,12362,11,0.1,0
95864,Sacramento,0,0,1,0.0,8708,20,0.2,0
95901,Yuba,0,0,1,26.6,8656,271,3.1,0
95910,Sierra,1,1,1,34.8,23,9,39.1,1
95912,Colusa,0,0,1,20.6,1054,10,0.9,0
95914,Butte,1,1,1,98.5,208,84,40.4,1
95915,Plumas,1,1,1,3.7,1,1,100.0,1
95916,Butte,1,1,1,58.5,225,123,54.7,1
95917,Butte,1,1,1,0.0,873,7,0.8,0
95918,Yuba,0,0,1,97.6,780,224,28.7,1
95919,Yuba,1,1,1,97.0,354,257,72.6,1
95922,Yuba,1,1,1,31.7,170,99,58.2,1
95923,Plumas,1,1,1,14.4,136,68,50.0,1
95925,Yuba,1,1,1,53.8,73,45,61.6,1
95926,Butte,1,1,1,0.0,9345,49,0.5,0
95928,Butte,1,1,1,25.7,9314,276,3.0,0
95930,Butte,1,1,1,70.8,62,94,151.6,1
95932,Colusa,0,0,1,0.0,1963,18,0.9,0
95934,Plumas,1,1,1,38.4,82,18,22.0,1
95935,Yuba,1,1,1,88.1,261,172,65.9,1
95936,Sierra,1,1,1,12.4,182,94,51.6,1
95937,Yolo,1,1,1,20.2,358,3,0.8,0
95938,Butte,1,1,1,0.0,1066,11,1.0,0
95939,Glenn,1,1,1,54.6,75,10,13.3,0
95941,Butte,1,1,1,79.3,133,76,57.1,1
95942,Butte,1,1,1,72.3,724,468,64.6,1
95944,Sierra,1,1,1,24.3,19,10,52.6,1
95945,Nevada,1,1,1,88.0,8134,4229,52.0,1
95946,Nevada,1,1,1,93.9,4226,1748,41.4,1
95947,Plumas,1,1,1,35.4,427,102,23.9,1
95948,Butte,1,1,1,0.0,2726,15,0.6,0
95949,Nevada,1,1,1,98.0,7690,4960,64.5,1
95951,Glenn,0,0,1,0.0,553,3,0.5,0
95953,Sutter,0,0,1,0.0,2643,12,0.5,0
95954,Butte,1,1,1,78.5,2952,2105,71.3,1
95956,Plumas,1,1,1,7.9,250,78,31.2,1
95957,Sutter,0,0,1,0.0,125,2,1.6,0
95959,Nevada,1,1,1,68.6,7221,4711,65.2,1
95960,Nevada,1,1,1,63.5,195,120,61.5,1
95961,Yuba,0,0,1,0.0,8838,22,0.2,0
95962,Yuba,1,1,1,98.8,440,261,59.3,1
95963,Glenn,0,0,1,32.5,3760,45,1.2,0
95965,Butte,1,1,1,41.1,4535,639,14.1,0
95966,Butte,1,1,1,79.2,9001,3032,33.7,1
95968,Butte,1,1,1,0.0,391,47,12.0,0
95969,Butte,1,1,1,96.6,4294,2028,47.2,1
95970,Colusa,0,0,1,0.0,107,6,5.6,0
95971,Plumas,1,1,1,35.6,2258,600,26.6,1
95972,Yuba,1,1,1,,54,32,59.3,0
95973,Butte,1,1,1,64.3,10693,228,2.1,0
95975,Nevada,1,1,1,87.6,593,407,68.6,1
95977,Nevada,1,1,1,97.2,556,281,50.5,1
95979,Colusa,1,1,1,50.1,250,30,12.0,0
95981,Yuba,0,0,1,48.7,350,126,36.0,1
95982,Sutter,0,0,1,0.0,1083,7,0.6,0
95983,Plumas,1,1,1,19.1,213,40,18.8,1
95984,Plumas,1,1,1,19.6,42,21,50.0,1
95987,Colusa,0,0,1,54.4,1296,6,0.5,0
95988,Glenn,0,0,1,42.7,2102,9,0.4,0
95991,Sutter,0,0,1,0.0,9569,52,0.5,0
95993,Sutter,0,0,1,0.0,10094,35,0.3,0
96001,Shasta,1,1,1,56.5,11294,871,7.7,0
96002,Shasta,1,1,1,17.1,9905,292,2.9,0
96003,Shasta,1,1,1,43.1,13404,1591,11.9,0
96006,Modoc,1,1,1,22.4,164,20,12.2,0
96007,Shasta,1,1,1,77.3,6979,814,11.7,0
96008,Shasta,1,1,1,93.9,420,148,35.2,1
96009,Lassen,1,1,1,29.9,119,11,9.2,0
96010,Trinity,1,1,1,1.4,42,21,50.0,1
96013,Shasta,1,1,1,72.7,1357,272,20.0,1
96014,Siskiyou,1,1,1,70.6,74,31,41.9,1
96015,Modoc,1,1,1,24.0,67,14,20.9,1
96016,Shasta,1,1,1,39.2,185,68,36.8,1
96017,Shasta,1,1,1,53.4,115,42,36.5,1
96019,Shasta,1,1,1,83.9,3437,452,13.2,0
96020,Plumas,1,1,1,31.5,1486,369,24.8,1
96021,Tehama,1,1,1,46.0,3731,274,7.3,0
96022,Tehama,1,1,1,92.7,5223,788,15.1,1
96023,Siskiyou,1,1,1,34.7,312,22,7.1,0
96024,Trinity,1,1,1,67.4,330,139,42.1,1
96025,Siskiyou,1,1,1,57.7,952,358,37.6,1
96027,Siskiyou,1,1,1,20.5,780,134,17.2,1
96028,Shasta,1,1,1,39.5,537,87,16.2,1
96031,Siskiyou,1,1,1,1.2,14,6,42.9,1
96032,Siskiyou,1,1,1,52.3,790,197,24.9,1
96033,Shasta,1,1,1,38.5,100,42,42.0,1
96034,Siskiyou,1,1,1,65.8,81,9,11.1,0
96035,Tehama,1,1,1,0.1,757,19,2.5,0
96038,Siskiyou,1,1,1,67.5,162,14,8.6,0
96039,Siskiyou,1,1,1,1.7,186,79,42.5,1
96040,Shasta,1,1,1,14.8,99,28,28.3,1
96041,Trinity,1,1,1,21.3,622,126,20.3,1
96044,Siskiyou,1,1,1,86.6,395,76,19.2,1
96046,Trinity,1,1,1,21.3,74,11,14.9,0
96047,Shasta,1,1,1,94.7,254,106,41.7,1
96048,Trinity,1,1,1,13.4,231,66,28.6,1
96050,Siskiyou,1,1,1,45.9,108,37,34.3,1
96051,Shasta,1,1,1,36.9,629,281,44.7,1
96052,Trinity,1,1,1,47.8,576,206,35.8,1
96054,Modoc,1,1,1,33.4,75,10,13.3,0
96055,Tehama,1,1,1,64.2,1089,37,3.4,0
96056,Lassen,1,1,1,34.4,473,54,11.4,0
96057,Siskiyou,1,1,1,56.8,790,193,24.4,1
96058,Siskiyou,1,1,1,33.4,112,25,22.3,1
96059,Tehama,1,1,1,95.8,203,81,39.9,1
96061,Tehama,1,1,1,42.4,206,99,48.1,1
96062,Shasta,1,1,1,98.7,378,64,16.9,1
96063,Plumas,1,1,1,37.2,169,73,43.2,1
96064,Siskiyou,1,1,1,73.6,1438,157,10.9,0
96065,Shasta,1,1,1,94.6,194,98,50.5,1
96067,Siskiyou,1,1,1,29.9,3122,854,27.4,1
96069,Shasta,1,1,1,97.8,305,104,34.1,1
96071,Shasta,1,1,1,22.8,158,71,44.9,1
96073,Shasta,1,1,1,99.0,1612,143,8.9,0
96075,Tehama,1,1,1,90.4,76,35,46.1,1
96076,Shasta,1,1,1,41.3,29,13,44.8,1
96080,Tehama,1,1,1,76.5,8495,474,5.6,0
96085,Siskiyou,1,1,1,16.1,22,10,45.5,1
96086,Siskiyou,1,1,1,4.2,95,28,29.5,1
96087,Shasta,1,1,1,16.8,230,78,33.9,1
96088,Shasta,1,1,1,96.5,1978,905,45.8,1
96089,Shasta,1,1,1,,42,8,19.0,0
96091,Trinity,1,1,1,23.7,563,250,44.4,1
96093,Trinity,1,1,1,46.7,1399,246,17.6,1
96094,Siskiyou,1,1,1,53.0,2608,447,17.1,1
96096,Shasta,1,1,1,99.7,261,112,42.9,1
96097,Siskiyou,1,1,1,53.9,3112,477,15.3,1
96101,Modoc,1,1,1,29.6,1735,166,9.6,0
96103,Plumas,1,1,1,36.7,1420,593,41.8,1
96104,Modoc,1,1,1,6.7,229,31,13.5,0
96105,Plumas,1,1,1,35.5,187,54,28.9,1
96106,Plumas,1,1,1,79.5,353,139,39.4,1
96107,Mono,1,1,1,21.5,277,43,15.5,1
96108,Modoc,1,1,1,24.5,70,13,18.6,1
96109,Lassen,1,1,1,48.7,241,30,12.4,0
96110,Modoc,1,1,1,5.9,39,6,15.4,1
96111,Nevada,1,1,1,36.0,71,29,40.8,1
96112,Modoc,1,1,1,17.9,50,9,18.0,1
96113,Lassen,1,1,1,46.7,219,22,10.0,0
96114,Lassen,1,1,1,42.7,1004,290,28.9,1
96115,Modoc,1,1,1,6.5,39,16,41.0,1
96116,Modoc,1,1,1,14.0,50,7,14.0,0
96117,Lassen,1,1,1,20.0,83,12,14.5,0
96118,Sierra,1,1,1,19.2,535,97,18.1,1
96119,Lassen,1,1,1,36.2,12,1,8.3,0
96120,Alpine,1,1,1,15.9,439,205,46.7,1
96121,Lassen,1,1,1,30.8,126,33,26.2,1
96122,Plumas,1,1,1,47.5,1650,605,36.7,1
96124,Sierra,1,1,1,29.6,199,83,41.7,1
96125,Sierra,1,1,1,29.0,343,164,47.8,1
96126,Sierra,1,1,1,39.7,132,49,37.1,1
96128,Lassen,1,1,1,10.3,129,7,5.4,0
96129,Plumas,1,1,1,23.8,97,22,22.7,1
96130,Lassen,1,1,1,41.6,4990,635,12.7,0
96132,Lassen,1,1,1,50.3,10,1,10.0,0
96133,Mono,1,1,1,2.2,60,10,16.7,1
96134,Siskiyou,1,1,1,15.5,421,13,3.1,0
96136,Lassen,1,1,1,3.6,11,2,18.2,1
96137,Plumas,1,1,1,83.3,3146,1074,34.1,1
96140,Placer,1,1,1,41.7,1499,813,54.2,1
96141,Placer,1,1,1,31.2,1145,648,56.6,1
96142,El Dorado,1,1,1,35.0,1705,833,48.9,1
96143,Placer,1,1,1,52.6,1361,641,47.1,1
96145,Placer,1,1,1,23.5,2870,1654,57.6,1
96146,Placer,1,1,1,46.5,1219,897,73.6,1
96148,Placer,1,1,1,76.9,835,514,61.6,1
96150,El Dorado,1,1,1,18.4,15679,5072,32.3,1
96161,Nevada,1,1,1,58.8,13270,6316,47.6,1
97635,Lake,0,0,1,40.7,2,1,50.0,1
