zip,zip_area_km2,fhsz_high_pct
89010,38.3,0.0
89019,538.51,0.0
89060,21.98,0.0
89061,1.03,0.0
89439,19.25,10.4
90001,9.06,0.0
90002,8.0,0.0
90003,9.2,0.0
90004,8.02,0.0
90005,2.63,0.0
90006,4.86,0.0
90007,6.28,0.0
90008,9.59,48.8
90010,1.23,0.0
90011,11.27,0.0
90012,8.66,33.6
90013,1.72,0.0
90014,0.65,0.0
90015,4.17,0.0
90016,9.08,1.1
90017,2.05,0.0
90018,7.49,0.0
90019,10.39,0.0
90020,2.9,0.0
90021,5.47,0.0
90022,11.39,0.0
90023,11.16,0.0
90024,7.65,0.0
90025,6.51,0.0
90026,11.18,41.9
90027,21.9,76.6
90028,3.85,0.7
90029,3.45,0.0
90031,9.01,41.6
90032,12.42,53.0
90033,8.52,0.0
90034,8.16,0.0
90035,5.37,0.0
90036,6.43,0.0
90037,7.3,0.0
90038,3.91,0.0
90039,10.41,40.5
90040,14.56,0.0
90041,9.31,56.8
90042,12.19,59.0
90043,10.66,2.2
90044,13.31,0.0
90045,27.84,0.9
90046,15.06,70.0
90047,12.44,0.0
90048,4.97,0.0
90049,39.18,82.0
90056,4.27,21.1
90057,2.32,0.0
90058,15.67,0.0
90059,8.57,0.0
90061,6.66,0.0
90062,5.05,0.0
90063,8.42,0.0
90064,10.27,0.0
90065,13.62,63.6
90066,12.8,0.0
90067,0.88,0.0
90068,20.27,93.6
90069,5.37,54.4
90071,0.27,0.0
90073,0.84,0.0
90077,19.39,99.5
90079,0.03,0.0
90089,0.74,0.0
90090,0.51,100.0
90094,1.62,8.8
90095,0.97,0.4
90201,15.91,0.0
90210,26.34,77.4
90211,1.7,0.0
90212,2.4,0.0
90220,18.21,0.0
90221,13.87,0.0
90222,6.76,0.0
90230,11.68,19.9
90232,5.82,1.4
90240,7.59,0.0
90241,13.22,0.0
90242,11.94,0.0
90245,15.17,0.0
90247,9.78,0.0
90248,12.3,0.0
90249,7.65,0.0
90250,17.67,0.0
90254,5.22,0.0
90255,9.6,0.0
90260,7.01,0.0
90262,12.76,0.0
90263,0.36,99.9
90265,297.97,76.6
90266,12.11,0.0
90270,3.3,0.0
90272,60.53,97.4
90274,33.26,92.2
90275,43.72,79.6
90277,12.86,0.0
90278,9.26,0.0
90280,19.03,0.0
90290,51.98,97.9
90291,7.36,0.0
90292,8.1,0.0
90293,11.37,9.3
90301,6.41,0.0
90302,4.8,0.0
90303,5.6,0.0
90304,4.06,0.0
90305,5.96,0.0
90401,2.66,0.0
90402,5.53,22.1
90403,3.82,0.0
90404,5.29,0.0
90405,7.27,0.0
90501,14.75,0.0
90502,5.83,0.0
90503,13.91,0.0
90504,11.44,0.0
90505,14.91,0.0
90506,0.37,0.0
90601,30.13,51.0
90602,9.5,46.5
90603,8.48,7.4
90604,11.11,0.0
90605,14.62,21.0
90606,10.15,0.0
90620,16.61,0.0
90621,10.68,0.0
90623,4.78,0.0
90630,16.06,0.0
90631,36.0,35.1
90638,20.46,1.5
90640,22.12,0.0
90650,25.79,0.0
90660,21.2,0.0
90670,21.76,0.0
90680,6.94,0.0
90701,4.26,0.0
90703,23.05,0.0
90704,761.26,25.4
90706,15.91,0.0
90710,6.14,0.0
90712,11.22,0.0
90713,8.79,0.0
90715,4.5,0.0
90716,2.4,0.0
90717,5.18,2.0
90720,16.1,0.0
90723,12.48,0.0
90731,40.73,0.0
90732,9.7,4.9
90740,24.71,0.0
90742,1.32,0.0
90743,1.29,0.0
90744,24.45,0.0
90745,21.68,0.0
90746,15.17,0.0
90747,0.01,0.0
90755,5.59,0.0
90802,38.72,0.0
90803,21.27,0.0
90804,5.46,0.0
90805,19.56,0.0
90806,9.25,0.0
90807,15.08,0.0
90808,18.1,0.0
90810,17.83,0.0
90813,8.48,0.0
90814,3.48,0.0
90815,18.88,0.0
90822,0.43,0.0
90831,0.05,0.0
91001,21.43,31.9
91006,16.85,19.0
91007,14.45,0.0
91008,5.13,87.1
91010,18.38,48.8
91011,30.61,76.2
91016,22.24,42.6
91020,2.02,100.0
91024,7.62,61.6
91030,8.74,0.3
91040,21.65,95.4
91042,129.35,14.8
91046,0.03,100.0
91101,3.39,0.0
91103,14.29,29.3
91104,9.85,0.0
91105,9.77,55.5
91106,7.67,0.0
91107,21.42,27.0
91108,9.88,0.0
91201,6.13,10.0
91202,5.23,26.1
91203,2.15,0.0
91204,2.89,0.0
91205,4.83,0.6
91206,15.45,77.3
91207,11.89,88.0
91208,18.02,100.0
91210,0.08,0.0
91214,19.55,99.9
91301,88.98,84.1
91302,68.99,93.0
91303,5.63,0.0
91304,24.42,46.6
91306,10.94,0.0
91307,20.65,55.5
91311,85.24,73.9
91316,13.72,29.4
91320,47.21,71.8
91321,66.78,62.6
91324,11.27,0.0
91325,12.42,0.0
91326,21.37,56.6
91330,0.88,0.0
91331,23.2,0.0
91335,17.16,0.0
91340,8.85,0.0
91342,142.82,33.3
91343,15.41,0.0
91344,43.62,36.1
91345,8.51,0.0
91350,44.12,67.1
91351,24.72,65.0
91352,30.65,38.0
91354,22.56,64.4
91355,40.6,41.4
91356,19.08,33.9
91360,37.83,49.2
91361,88.75,75.3
91362,50.83,77.2
91364,19.64,38.8
91367,19.46,0.2
91371,0.57,0.0
91377,13.68,78.5
91381,97.42,93.1
91384,290.56,57.9
91387,128.28,34.9
91390,373.4,41.2
91401,9.01,0.0
91402,9.69,0.0
91403,9.31,58.7
91405,8.56,0.0
91406,21.21,0.0
91411,5.29,0.0
91423,11.53,41.5
91436,14.76,59.7
91501,10.29,78.6
91502,3.55,0.0
91504,12.76,49.5
91505,12.9,4.1
91506,6.32,0.0
91601,7.17,0.0
91602,5.4,0.0
91604,13.43,62.6
91605,14.02,0.0
91606,8.72,0.0
91607,6.32,0.0
91608,1.52,94.9
91701,18.93,9.5
91702,442.84,2.7
91706,37.17,2.0
91708,24.58,0.0
91709,88.62,15.9
91710,56.07,0.0
91711,39.16,52.2
91722,10.88,0.0
91723,6.07,0.0
91724,16.38,40.3
91730,37.46,0.0
91731,10.01,0.0
91732,12.1,0.0
91733,18.02,0.0
91737,21.58,50.4
91739,76.18,28.8
91740,12.75,0.0
91741,38.83,43.9
91744,22.59,0.0
91745,33.09,44.9
91746,14.91,0.0
91748,37.88,54.6
91750,66.03,23.9
91752,39.75,0.0
91754,11.74,0.0
91755,7.92,0.0
91759,213.14,3.3
91761,75.57,0.0
91762,35.1,0.0
91763,13.52,0.0
91764,21.01,0.0
91765,48.91,45.8
91766,26.32,1.7
91767,14.55,0.0
91768,22.39,8.3
91770,16.74,0.0
91773,38.03,29.6
91775,7.99,0.0
91776,8.75,0.0
91780,10.14,0.0
91784,24.13,24.0
91786,23.21,10.0
91789,40.53,11.9
91790,14.86,0.0
91791,17.05,23.2
91792,9.92,5.6
91801,11.29,0.0
91803,8.57,0.0
91901,233.29,53.1
91902,23.45,6.8
91905,170.81,66.3
91906,275.34,43.1
91910,31.91,0.0
91911,30.7,2.6
91913,26.42,3.0
91914,16.59,41.7
91915,21.35,39.1
91916,103.12,50.8
91917,93.89,69.0
91931,37.56,17.3
91932,7.98,0.0
91934,121.04,32.3
91935,251.66,83.9
91941,21.2,1.7
91942,15.15,0.0
91945,9.8,0.5
91948,51.37,10.2
91950,20.96,0.0
91962,133.58,27.2
91963,87.11,68.4
91977,25.11,4.5
91978,17.61,37.4
91980,9.08,97.4
92003,45.78,96.6
92004,1797.51,7.7
92007,7.51,5.9
92008,30.75,3.7
92009,33.71,29.1
92010,21.31,44.6
92011,18.13,0.0
92014,16.77,52.5
92019,71.68,47.1
92020,29.12,13.2
92021,77.77,76.6
92024,45.43,30.5
92025,58.39,53.4
92026,96.04,79.6
92027,164.33,87.3
92028,245.34,86.9
92029,62.34,76.2
92036,462.8,63.3
92037,39.27,34.0
92040,172.81,62.0
92054,32.9,0.1
92055,255.06,0.1
92056,32.09,5.2
92057,39.95,0.3
92058,77.31,4.2
92059,72.38,51.2
92060,185.85,42.8
92061,102.93,62.5
92064,106.61,71.9
92065,428.97,70.4
92066,51.43,81.6
92067,58.7,98.9
92069,42.65,55.6
92070,353.41,57.6
92071,46.02,48.4
92075,10.44,22.9
92078,43.93,54.4
92081,23.02,19.4
92082,318.62,85.1
92083,14.31,0.0
92084,68.14,65.1
92086,571.91,44.2
92091,1.58,95.9
92101,12.56,14.6
92102,11.79,12.6
92103,9.71,52.2
92104,9.76,27.6
92105,14.78,13.2
92106,15.88,1.5
92107,9.33,3.1
92108,11.48,37.6
92109,30.84,2.8
92110,12.52,21.5
92111,22.0,33.3
92113,13.74,0.0
92114,21.48,1.3
92115,16.72,22.7
92116,9.2,59.2
92117,22.71,41.9
92118,24.46,0.0
92119,18.28,57.2
92120,17.82,56.1
92121,31.5,78.7
92122,41.52,27.4
92123,21.05,41.6
92124,27.3,75.8
92126,32.81,39.0
92127,58.44,86.7
92128,28.91,38.8
92129,36.46,95.5
92130,48.07,99.9
92131,65.44,41.5
92132,0.08,0.0
92134,0.41,3.5
92135,1.07,0.0
92139,9.39,3.7
92140,1.72,0.0
92145,8.57,98.8
92147,0.27,0.0
92154,97.66,61.9
92155,0.57,0.0
92173,13.64,49.4
92201,58.64,0.0
92203,45.32,0.0
92210,34.55,0.0
92211,39.34,0.0
92220,321.78,20.3
92222,4.06,0.0
92223,112.24,47.2
92225,1561.45,0.0
92227,1436.91,0.0
92230,39.52,26.4
92231,147.74,0.0
92233,580.34,0.0
92234,41.59,0.5
92236,56.68,0.0
92239,371.22,0.0
92240,95.57,1.8
92241,358.09,0.0
92242,84.08,0.0
92243,285.3,0.0
92249,55.79,0.0
92250,1074.99,0.0
92251,516.96,0.0
92252,232.26,1.6
92253,91.65,0.0
92254,126.98,0.0
92256,202.14,9.9
92257,2124.53,0.0
92258,27.33,0.0
92259,839.47,0.1
92260,73.92,3.3
92262,95.06,7.7
92264,135.92,10.0
92266,845.8,0.0
92267,45.01,0.0
92268,209.54,32.1
92270,69.97,0.0
92273,17.98,0.0
92274,547.87,1.5
92275,423.21,0.0
92276,75.89,0.0
92277,3613.5,0.0
92278,2.1,0.0
92280,430.23,0.0
92281,36.87,0.0
92282,189.76,8.5
92283,1943.85,0.0
92284,285.16,11.0
92285,443.33,0.0
92301,442.28,0.0
92304,106.55,0.0
92305,259.13,8.6
92307,440.08,0.0
92308,242.4,41.7
92309,414.93,0.0
92310,7.93,0.0
92311,643.45,0.0
92313,8.89,33.0
92314,79.61,39.4
92315,33.7,45.4
92316,28.42,1.3
92320,27.69,47.0
92321,17.1,62.7
92322,7.7,78.1
92324,78.59,56.4
92325,26.67,52.9
92327,73.9,0.0
92328,1828.97,0.0
92332,2317.35,0.0
92333,10.76,31.0
92335,44.61,0.0
92336,64.91,27.5
92337,36.11,6.7
92338,624.88,0.0
92339,27.55,28.4
92341,18.06,19.1
92342,274.72,0.0
92344,99.96,50.5
92345,212.95,18.2
92346,66.13,24.2
92347,380.4,0.0
92352,27.74,77.4
92354,12.62,22.1
92356,1020.45,8.4
92358,51.42,8.5
92359,44.71,57.3
92363,540.91,0.0
92364,1332.51,0.0
92365,449.47,0.0
92368,73.6,0.0
92371,361.63,16.9
92372,72.18,51.1
92373,106.22,72.4
92374,48.2,12.6
92376,35.39,0.0
92377,27.16,44.6
92378,2.22,9.9
92382,38.9,45.4
92384,362.55,0.0
92385,21.75,7.5
92386,4.98,47.9
92389,356.69,0.0
92391,6.18,79.0
92392,96.52,0.0
92394,71.04,0.0
92395,46.19,0.0
92397,26.71,46.6
92398,73.02,0.0
92399,137.31,52.9
92401,2.3,0.0
92404,74.05,21.1
92405,12.37,21.8
92407,164.44,45.0
92408,27.98,0.0
92410,21.26,0.0
92411,10.82,0.0
92501,15.38,0.0
92503,88.17,46.2
92504,60.63,24.1
92505,32.27,14.4
92506,42.18,13.9
92507,52.69,23.4
92508,27.52,5.3
92509,81.79,27.8
92518,30.87,0.0
92530,153.74,34.3
92532,46.98,82.4
92536,323.94,67.8
92539,340.33,62.0
92543,45.71,42.3
92544,351.91,63.9
92545,83.13,42.3
92548,25.51,89.7
92549,71.38,41.1
92551,15.55,0.0
92553,26.11,0.0
92555,217.16,57.0
92557,48.54,60.8
92561,410.83,15.9
92562,283.7,40.2
92563,52.7,41.0
92567,76.88,55.7
92570,252.16,70.7
92571,59.18,13.3
92582,48.67,11.6
92583,75.43,28.7
92584,77.55,37.1
92585,52.97,20.7
92586,18.22,21.1
92587,22.21,46.9
92590,138.32,91.2
92591,42.52,35.7
92592,255.65,58.4
92595,54.34,68.0
92596,158.21,60.7
92602,26.99,48.9
92603,34.3,66.4
92604,8.71,0.0
92606,12.68,0.0
92610,25.32,76.6
92612,15.89,9.7
92614,11.58,0.0
92617,6.22,0.0
92618,54.92,12.5
92620,18.26,16.3
92624,6.41,0.0
92625,7.38,33.2
92626,25.24,0.0
92627,16.37,0.0
92629,16.14,4.7
92630,24.88,1.8
92637,9.27,16.1
92646,23.04,0.0
92647,20.29,0.0
92648,25.71,0.0
92649,22.87,0.0
92651,57.77,88.8
92653,17.31,0.0
92655,1.42,0.0
92656,21.43,51.7
92657,20.83,86.0
92660,28.18,8.0
92661,4.93,0.0
92662,1.02,0.0
92663,12.02,0.0
92672,23.15,29.0
92673,30.19,17.9
92675,90.17,64.4
92676,174.08,54.2
92677,43.28,25.1
92678,38.82,15.6
92679,58.84,85.8
92683,26.37,0.0
92688,28.33,71.9
92691,22.85,0.0
92692,26.5,29.5
92694,24.58,70.6
92701,8.51,0.0
92703,10.78,0.0
92704,19.5,0.0
92705,29.7,5.4
92706,8.99,0.0
92707,13.05,0.0
92708,23.66,0.0
92780,18.16,0.0
92782,8.77,16.4
92801,16.16,0.0
92802,11.75,0.0
92804,18.13,0.0
92805,16.42,0.0
92806,20.99,0.0
92807,29.23,32.0
92808,13.14,71.4
92821,27.16,41.1
92823,28.07,96.8
92831,15.47,0.0
92832,7.21,0.0
92833,19.08,15.3
92835,15.82,11.0
92840,13.5,0.0
92841,11.57,0.0
92843,10.09,0.0
92844,5.2,0.0
92845,5.65,0.0
92860,36.77,10.7
92861,5.46,3.6
92865,9.78,0.0
92866,5.01,0.0
92867,20.9,31.4
92868,8.66,0.0
92869,24.85,21.6
92870,17.21,0.0
92879,26.24,3.5
92880,65.95,20.1
92881,72.24,44.1
92882,66.42,20.0
92883,144.51,49.7
92886,38.59,29.9
92887,24.71,69.0
93001,693.56,65.8
93003,53.35,47.8
93004,18.93,0.2
93010,57.31,8.7
93012,136.36,55.5
93013,148.72,33.7
93015,199.41,55.3
93021,123.34,71.7
93022,12.26,67.7
93023,700.83,20.2
93030,35.88,0.0
93033,76.11,10.0
93035,12.67,0.0
93036,43.35,0.0
93040,187.54,45.3
93041,33.57,0.1
93042,67.28,0.0
93043,1.26,0.0
93060,310.88,52.4
93063,85.39,79.2
93064,14.8,97.5
93065,84.56,72.1
93066,107.61,48.8
93067,1.41,0.1
93101,8.7,0.2
93103,14.09,65.5
93105,259.11,33.2
93108,54.78,66.8
93109,9.69,0.0
93110,27.48,35.2
93111,21.04,42.1
93117,445.69,69.5
93201,200.6,0.0
93202,2.25,0.0
93203,556.13,12.8
93204,154.48,36.8
93205,149.24,15.7
93206,387.7,0.0
93207,150.7,21.5
93208,151.74,5.4
93210,1999.29,58.6
93212,274.91,0.0
93215,369.16,0.0
93218,167.03,0.0
93219,252.38,0.0
93220,67.92,61.1
93221,340.88,35.2
93222,74.5,24.1
93223,6.36,0.0
93224,57.72,68.7
93225,459.04,23.7
93226,242.7,86.2
93230,680.03,0.0
93234,207.59,0.0
93235,7.44,0.0
93238,338.64,17.6
93239,166.12,24.2
93240,209.05,19.5
93241,10.55,0.0
93242,106.48,0.0
93243,397.11,65.8
93244,176.36,86.9
93245,305.52,0.0
93247,196.26,4.7
93249,579.21,20.9
93250,219.16,0.0
93251,346.25,65.4
93252,1776.9,9.9
93254,356.31,66.0
93255,560.85,8.6
93256,206.93,0.0
93257,1163.32,25.2
93258,1.05,0.0
93260,85.4,67.6
93261,22.04,0.0
93262,232.62,0.0
93263,234.49,0.0
93265,970.03,26.7
93266,144.5,0.0
93267,194.66,13.0
93268,108.08,23.5
93270,159.94,0.0
93271,991.9,27.8
93272,216.79,0.0
93274,555.91,0.0
93276,1.56,0.0
93277,103.82,0.0
93280,834.26,0.0
93283,530.66,22.8
93285,129.69,22.8
93286,222.52,39.7
93287,144.59,15.6
93291,219.54,0.0
93292,281.8,0.0
93301,11.18,0.0
93304,19.87,0.0
93305,15.23,0.0
93306,229.77,27.5
93307,360.41,0.0
93308,820.38,52.0
93309,28.26,0.0
93311,440.83,0.1
93312,39.35,0.0
93313,258.09,0.0
93314,257.6,0.0
93401,181.42,53.7
93402,85.58,67.8
93405,227.53,57.1
93410,0.12,0.0
93420,488.15,68.0
93422,157.03,52.0
93424,8.38,82.4
93426,583.8,86.5
93427,144.77,90.4
93428,204.58,74.1
93429,19.22,50.4
93430,198.99,43.6
93432,233.82,93.4
93433,5.75,0.0
93434,86.59,66.1
93436,568.82,77.2
93437,100.72,1.4
93440,103.82,93.4
93441,142.54,29.9
93442,120.27,49.0
93444,180.87,34.9
93445,47.11,46.7
93446,1098.86,85.5
93449,27.8,69.7
93450,448.02,84.0
93451,1325.19,93.8
93452,313.27,76.6
93453,1616.79,68.4
93454,1116.23,59.7
93455,281.31,38.2
93458,72.55,0.0
93460,322.01,74.2
93461,920.32,95.4
93463,78.5,68.4
93465,227.66,83.9
93501,423.95,16.0
93505,203.23,0.0
93510,186.55,71.8
93512,328.4,12.0
93513,1674.26,4.1
93514,2902.04,5.5
93516,49.82,0.0
93517,1552.89,10.8
93518,772.79,75.3
93519,205.51,0.0
93522,119.71,0.0
93523,254.06,0.0
93524,5.32,0.0
93526,355.28,11.6
93527,1412.98,3.6
93528,9.63,0.0
93529,86.05,12.1
93530,2.34,0.0
93531,88.92,98.9
93532,295.07,30.9
93534,47.05,0.0
93535,668.22,0.0
93536,631.06,21.4
93541,856.01,7.7
93543,154.16,31.4
93544,284.1,30.7
93545,277.81,8.4
93546,451.3,11.4
93549,878.48,4.6
93550,510.65,7.4
93551,189.68,62.9
93552,126.33,14.4
93553,224.13,26.5
93554,191.77,0.0
93555,212.53,0.0
93558,9.41,0.0
93560,414.59,5.8
93561,684.35,86.4
93562,103.15,0.0
93563,104.49,16.8
93591,213.95,0.0
93592,409.61,0.0
93601,115.64,78.0
93602,373.57,28.6
93603,113.02,59.7
93604,367.58,3.5
93605,1.08,9.6
93606,0.23,0.0
93608,283.06,7.6
93609,159.36,0.0
93610,707.49,9.4
93611,28.96,0.0
93612,17.18,0.0
93614,298.15,92.3
93615,43.28,0.0
93616,35.9,0.0
93618,172.65,0.0
93619,465.33,36.1
93620,452.85,0.0
93621,181.17,52.1
93622,923.09,4.3
93623,79.45,18.3
93624,290.88,0.0
93625,64.12,0.0
93626,273.71,58.9
93627,92.25,0.0
93628,93.24,1.8
93630,406.2,0.0
93631,208.7,0.0
93633,54.31,0.0
93634,3127.59,0.7
93635,694.46,6.4
93636,509.32,22.0
93637,701.03,0.0
93638,247.26,8.1
93640,296.57,0.7
93641,83.15,77.2
93643,323.74,36.4
93644,240.06,47.2
93645,138.41,94.6
93646,110.58,26.9
93647,276.38,73.6
93648,59.45,0.0
93650,1.8,0.0
93651,74.39,94.2
93652,5.14,0.0
93653,624.0,92.4
93654,257.13,21.6
93656,284.61,0.0
93657,563.92,36.3
93660,211.74,0.0
93662,204.53,0.0
93664,505.29,23.9
93665,2.16,0.0
93666,0.95,0.0
93667,290.99,56.6
93668,87.53,0.0
93669,19.19,23.3
93673,2.09,0.0
93675,203.91,98.8
93701,3.97,0.0
93702,13.32,0.0
93703,12.28,0.0
93704,14.52,0.0
93705,12.39,0.0
93706,423.84,0.0
93710,17.78,0.0
93711,29.82,0.0
93720,25.94,0.0
93721,5.22,0.0
93722,51.0,0.0
93723,110.6,0.0
93725,169.62,0.0
93726,16.76,0.0
93727,84.45,0.0
93728,7.85,0.0
93730,21.44,0.0
93901,37.89,0.0
93905,24.04,0.0
93906,33.81,0.0
93907,140.22,27.0
93908,563.04,51.6
93920,976.24,17.3
93921,2.56,16.7
93923,343.99,89.1
93924,493.14,61.6
93925,141.95,62.7
93926,153.74,30.8
93927,685.82,38.0
93928,49.51,0.1
93930,944.25,80.4
93932,261.63,76.3
93933,35.08,0.0
93940,55.02,54.5
93943,0.38,0.0
93950,8.98,3.5
93953,23.94,71.8
93954,95.04,92.0
93955,74.72,0.3
93960,541.73,56.9
93962,0.27,0.0
94002,14.89,25.2
94005,11.79,0.1
94010,30.9,26.1
94014,16.45,0.0
94015,14.98,0.0
94019,137.67,71.9
94020,144.9,99.9
94021,11.72,100.0
94022,45.57,23.3
94024,18.82,4.6
94025,30.56,0.0
94027,13.47,0.0
94028,39.75,12.7
94030,8.89,3.0
94037,15.12,63.4
94038,4.15,3.8
94040,9.18,0.0
94041,3.91,0.0
94043,27.64,0.0
94044,37.69,17.9
94060,189.61,87.5
94061,9.97,11.2
94062,185.93,83.6
94063,20.81,0.0
94065,7.98,0.0
94066,16.11,5.1
94070,15.64,31.4
94074,47.85,99.3
94080,27.18,0.0
94085,9.05,0.0
94086,11.63,0.0
94087,17.07,0.0
94089,15.54,0.0
94102,1.77,0.0
94103,3.44,0.0
94104,0.21,0.0
94105,1.2,0.0
94107,5.02,0.0
94108,0.66,0.0
94109,3.32,0.0
94110,6.03,0.0
94111,1.22,0.0
94112,8.67,0.0
94114,3.77,0.0
94115,2.82,0.0
94116,6.73,0.0
94117,4.47,0.0
94118,4.98,0.0
94121,8.01,0.0
94122,6.04,0.0
94123,2.89,0.0
94124,15.66,0.0
94127,4.63,0.0
94128,8.95,0.0
94129,6.02,0.0
94130,2.29,0.0
94131,5.51,0.0
94132,9.38,0.0
94133,2.68,0.0
94134,6.23,0.0
94158,2.94,0.0
94301,6.16,0.0
94303,22.34,0.0
94304,16.8,0.2
94305,13.36,0.0
94306,10.93,0.0
94401,10.84,0.0
94402,12.37,26.2
94403,15.06,0.0
94404,12.52,0.0
94501,29.49,0.0
94502,10.02,0.0
94503,40.5,0.7
94505,56.42,0.0
94506,48.9,62.8
94507,33.09,57.1
94508,45.68,96.7
94509,46.18,4.0
94510,80.9,0.2
94511,14.25,0.0
94512,52.21,0.0
94513,201.09,27.7
94514,74.55,53.8
94515,274.04,88.6
94516,2.28,100.0
94517,148.42,93.2
94518,14.18,0.0
94519,11.18,0.0
94520,26.03,1.1
94521,33.8,31.9
94523,18.45,1.3
94525,7.82,34.9
94526,38.88,15.3
94528,5.93,88.2
94530,12.56,59.9
94531,28.16,0.0
94533,56.24,10.9
94534,206.23,35.1
94535,9.88,0.0
94536,37.85,0.2
94538,43.08,0.0
94539,65.97,7.4
94541,19.26,0.0
94542,14.67,19.0
94544,28.33,6.6
94545,62.94,0.0
94546,25.47,48.5
94547,16.08,2.3
94548,7.24,0.0
94549,50.4,54.6
94550,607.29,87.6
94551,204.41,73.0
94552,116.3,76.5
94553,133.38,49.3
94555,33.59,0.0
94556,31.7,30.3
94558,999.85,67.7
94559,100.71,13.4
94560,35.84,0.0
94561,46.24,0.0
94563,44.53,47.5
94564,15.69,8.0
94565,87.81,23.9
94566,50.93,19.1
94567,346.66,74.8
94568,39.43,7.6
94569,6.2,100.0
94571,358.25,0.0
94572,13.55,19.4
94573,2.57,0.1
94574,336.91,81.7
94575,0.45,0.0
94576,0.8,100.0
94577,24.36,3.4
94578,11.44,20.6
94579,8.2,0.0
94580,8.9,0.0
94582,33.51,2.3
94583,38.86,45.6
94585,304.83,0.0
94586,153.76,71.6
94587,51.05,0.4
94588,84.88,63.4
94589,29.88,1.3
94590,17.93,0.0
94591,57.74,0.2
94592,10.99,0.0
94595,13.83,2.7
94596,15.18,0.3
94597,10.31,0.1
94598,39.46,40.4
94599,7.57,8.7
94601,8.85,0.0
94602,8.63,42.3
94603,8.56,0.0
94605,23.31,64.2
94606,6.62,0.0
94607,18.39,0.0
94608,8.8,0.0
94609,4.48,0.0
94610,6.09,0.3
94611,27.26,75.0
94612,2.29,0.0
94613,0.67,0.0
94618,6.25,27.6
94619,44.16,90.1
94621,24.74,0.0
94702,3.21,0.0
94703,3.46,0.0
94704,2.69,27.5
94705,8.54,75.5
94706,3.75,0.0
94707,4.5,35.0
94708,8.88,91.6
94709,1.47,11.8
94710,11.47,0.0
94720,1.6,59.2
94801,45.74,0.0
94803,29.9,59.1
94804,22.9,0.0
94805,5.09,19.5
94806,22.29,0.6
94850,0.14,0.0
94901,43.64,0.4
94903,53.58,32.1
94904,19.51,35.0
94920,30.54,0.3
94922,32.08,3.9
94923,59.29,24.2
94924,70.88,14.9
94925,10.85,0.1
94928,20.05,0.0
94929,2.66,0.0
94930,42.31,57.6
94931,16.71,0.0
94933,2.74,100.0
94937,136.18,8.9
94938,27.32,23.9
94939,5.58,13.2
94940,68.52,43.9
94941,59.5,58.5
94945,69.53,21.3
94946,117.03,82.8
94947,59.15,66.6
94949,42.23,27.2
94950,22.22,0.1
94951,38.02,24.3
94952,469.51,29.9
94954,166.58,31.6
94956,181.29,16.7
94957,2.82,0.1
94960,15.49,3.2
94963,7.01,99.9
94964,0.96,0.0
94965,46.16,5.0
94970,17.97,59.5
94971,37.17,0.5
94972,32.72,0.0
94973,10.31,94.8
95002,36.97,0.0
95003,94.44,54.8
95004,46.95,78.2
95005,31.72,76.4
95006,138.92,100.0
95007,1.37,79.8
95008,16.49,0.0
95010,4.22,0.0
95012,40.79,1.1
95013,4.0,18.6
95014,70.27,58.6
95017,136.02,82.6
95018,48.89,65.0
95019,2.97,0.0
95020,406.19,62.7
95023,1070.17,70.8
95030,26.96,81.7
95032,41.74,66.2
95033,239.39,96.9
95035,60.39,16.4
95037,635.71,81.5
95039,43.13,0.0
95041,0.07,100.0
95043,2225.6,80.3
95045,122.63,53.2
95046,50.72,37.3
95050,13.91,0.0
95051,17.26,0.0
95053,0.3,0.0
95054,16.22,0.0
95060,184.09,51.1
95062,16.24,0.0
95064,4.94,0.4
95065,28.9,58.9
95066,49.29,69.1
95070,65.83,69.1
95073,54.94,78.5
95075,241.81,81.1
95076,361.18,48.1
95110,12.13,0.0
95111,14.11,0.0
95112,18.33,0.0
95113,0.91,0.0
95116,9.32,0.0
95117,6.85,0.0
95118,10.95,0.0
95119,7.46,19.9
95120,105.13,63.1
95121,11.42,0.0
95122,12.17,0.0
95123,21.36,0.3
95124,16.8,0.4
95125,20.54,0.0
95126,8.62,0.0
95127,33.68,44.6
95128,10.03,0.0
95129,11.56,0.0
95130,4.22,0.0
95131,14.96,0.0
95132,137.19,78.4
95133,8.41,0.0
95134,25.54,0.0
95135,79.22,81.4
95136,12.33,0.0
95138,67.6,57.5
95139,3.18,7.8
95140,320.4,99.9
95148,24.57,39.0
95202,2.78,0.0
95203,17.58,0.0
95204,13.94,0.0
95205,23.74,0.0
95206,395.43,0.0
95207,19.33,0.0
95209,21.91,0.0
95210,17.47,0.0
95211,0.46,0.0
95212,56.09,0.0
95215,245.54,0.0
95219,167.44,0.0
95220,150.6,0.0
95222,400.03,77.6
95223,747.6,10.6
95224,29.48,55.7
95225,18.3,99.4
95226,15.26,93.1
95227,103.52,0.4
95228,280.12,99.7
95230,311.58,46.1
95231,27.61,0.0
95232,20.2,54.7
95233,17.98,22.8
95234,92.32,0.0
95236,281.83,3.8
95237,20.95,0.0
95240,215.57,0.0
95242,255.01,0.0
95245,177.37,87.5
95246,135.16,90.9
95247,108.72,87.4
95248,82.68,83.8
95249,219.55,85.8
95250,27.65,86.4
95251,28.32,84.4
95252,336.98,93.2
95254,15.35,97.1
95255,115.47,68.1
95257,39.28,80.7
95258,8.71,0.0
95301,161.55,0.0
95303,100.88,0.0
95304,422.18,25.9
95305,38.22,56.5
95306,357.59,81.7
95307,86.59,0.0
95310,104.9,33.3
95311,627.99,29.9
95312,2.46,0.0
95313,134.93,0.0
95314,65.07,1.2
95315,47.3,0.0
95316,173.11,0.0
95317,137.59,0.0
95318,102.76,6.3
95319,1.62,0.0
95320,230.77,0.0
95321,456.27,26.5
95322,468.73,24.2
95323,80.23,0.0
95324,108.47,0.0
95325,105.48,99.3
95326,75.27,0.0
95327,429.34,80.5
95328,2.71,0.0
95329,304.56,75.5
95330,56.91,0.0
95333,302.27,13.3
95334,145.91,0.0
95335,109.0,26.3
95336,99.34,0.0
95337,119.91,0.0
95338,895.02,78.0
95340,104.71,0.5
95341,390.94,0.0
95345,83.01,37.4
95346,15.49,74.5
95348,123.26,0.0
95350,22.88,0.0
95351,23.62,0.0
95354,19.29,0.0
95355,24.25,0.0
95356,58.83,0.0
95357,100.36,0.0
95358,317.18,0.0
95360,871.21,81.8
95361,608.71,33.2
95363,305.86,45.9
95364,715.56,0.6
95365,39.38,7.5
95366,89.73,0.0
95367,12.09,0.0
95368,9.12,0.0
95369,421.17,39.4
95370,280.22,82.0
95372,6.87,97.6
95374,121.97,0.0
95375,8.04,26.2
95376,19.8,0.0
95377,279.98,62.9
95379,139.63,43.2
95380,194.43,0.0
95382,27.23,0.0
95383,203.25,30.6
95385,64.61,0.0
95386,226.34,22.6
95387,300.35,82.8
95388,100.47,0.0
95389,614.79,0.7
95391,62.45,69.6
95401,53.33,0.0
95403,57.23,27.7
95404,207.25,73.5
95405,14.12,11.1
95407,58.49,0.0
95409,99.94,76.0
95410,113.9,15.0
95412,222.07,75.6
95415,143.05,87.3
95417,195.08,81.8
95420,6.24,16.8
95421,561.96,89.6
95422,113.58,47.3
95423,271.08,55.9
95425,548.36,86.2
95426,52.28,99.1
95427,180.35,15.0
95428,585.42,63.7
95429,103.84,95.5
95430,0.54,17.4
95431,0.05,0.0
95432,189.92,56.9
95435,0.39,0.0
95436,60.08,50.8
95437,263.47,14.8
95439,6.97,0.0
95441,268.07,77.0
95442,63.66,86.2
95443,10.7,99.8
95444,0.66,0.0
95445,229.21,93.6
95446,85.95,97.9
95448,489.77,75.3
95449,338.45,89.3
95450,71.84,60.6
95451,263.0,83.2
95452,37.16,86.6
95453,217.94,59.0
95454,693.24,86.2
95456,27.78,63.8
95457,395.23,69.9
95458,127.07,44.3
95459,181.06,71.9
95460,77.17,21.1
95461,326.86,92.9
95462,16.02,68.3
95463,29.32,69.4
95464,8.56,79.8
95465,109.39,23.8
95466,243.37,92.3
95467,25.51,80.8
95468,176.18,77.9
95469,461.88,54.8
95470,214.25,83.9
95471,3.71,100.0
95472,180.11,14.6
95476,292.05,35.0
95482,813.96,72.0
95485,275.02,42.7
95486,0.03,100.0
95488,239.37,90.6
95490,1017.32,78.2
95492,49.3,1.9
95493,11.58,71.0
95494,266.16,98.3
95497,41.88,59.2
95501,22.8,0.0
95503,232.39,2.7
95511,151.7,99.9
95514,224.96,97.8
95519,150.81,0.0
95521,184.4,21.0
95524,27.07,0.0
95525,215.51,78.8
95526,285.79,88.4
95527,356.02,8.2
95528,265.67,48.0
95531,582.85,8.1
95536,384.26,16.6
95537,0.34,0.0
95540,73.43,5.3
95542,512.3,91.5
95543,264.59,6.4
95545,124.17,94.0
95546,358.44,30.2
95547,19.57,0.0
95548,245.03,34.0
95549,291.29,66.0
95550,349.74,76.7
95551,137.08,0.0
95552,1402.09,12.7
95553,154.31,90.7
95554,130.31,65.2
95555,224.38,38.9
95556,356.46,5.4
95558,521.13,60.7
95559,47.0,94.5
95560,86.4,94.0
95562,64.12,59.7
95563,156.12,14.6
95564,12.54,0.0
95565,88.06,85.9
95567,172.02,44.5
95568,212.65,2.8
95569,161.65,97.8
95570,95.11,0.0
95571,1.94,99.4
95573,312.82,35.8
95585,140.44,68.1
95587,33.8,98.3
95589,506.46,66.1
95595,634.23,57.3
95601,4.43,84.2
95602,129.58,66.0
95603,102.4,49.3
95604,1.05,52.8
95605,10.27,0.0
95606,94.23,75.3
95607,348.13,88.3
95608,34.57,0.0
95610,20.31,0.0
95612,150.87,0.0
95614,91.97,75.9
95615,62.34,0.0
95616,71.54,0.0
95618,90.41,0.0
95619,15.96,77.6
95620,631.09,0.0
95621,17.73,0.0
95623,135.87,90.8
95624,114.07,0.0
95625,2.93,0.0
95626,60.36,0.0
95627,134.28,16.3
95628,34.17,0.0
95629,120.15,98.0
95630,77.36,0.3
95631,396.25,38.1
95632,288.66,0.0
95633,106.92,75.0
95634,209.94,52.5
95635,52.36,76.8
95636,299.91,9.3
95637,54.63,72.3
95638,205.34,7.9
95639,12.88,0.0
95640,315.0,79.8
95641,122.16,0.0
95642,176.12,90.0
95645,337.38,0.0
95646,12.28,20.9
95648,369.73,34.7
95650,63.94,29.2
95651,30.22,84.7
95652,9.9,0.0
95653,13.36,0.0
95655,24.61,0.0
95658,65.63,80.7
95659,131.72,0.0
95660,16.19,0.0
95661,23.14,0.0
95662,28.39,0.0
95663,20.37,42.1
95664,110.01,70.0
95665,52.96,93.4
95666,146.7,53.7
95667,449.21,78.8
95668,157.15,0.0
95669,228.57,93.4
95670,33.38,0.0
95672,59.3,80.9
95673,42.15,0.0
95674,82.98,0.0
95675,1.76,100.0
95677,23.12,0.0
95678,28.1,0.0
95679,119.64,30.0
95680,5.33,0.0
95681,44.77,7.9
95682,210.2,93.6
95683,236.3,39.6
95684,377.53,65.8
95685,127.93,87.7
95686,73.8,0.0
95687,113.17,0.5
95688,211.26,61.3
95689,72.44,93.0
95690,156.0,0.0
95691,113.55,0.0
95692,142.79,14.5
95693,162.78,0.7
95694,387.4,47.6
95695,368.33,0.0
95697,0.56,0.0
95698,111.91,0.0
95699,10.78,99.9
95701,86.69,81.9
95703,11.77,53.9
95709,58.21,82.0
95713,184.91,69.2
95714,8.82,91.1
95715,70.28,54.3
95717,26.45,69.9
95720,314.94,10.6
95721,34.31,10.5
95722,28.82,93.4
95724,3.13,41.0
95726,193.89,48.7
95728,32.76,69.4
95735,56.94,1.1
95736,0.65,100.0
95742,129.04,0.0
95746,45.98,12.1
95747,120.86,0.0
95757,158.88,0.0
95758,33.85,0.0
95762,112.45,44.8
95765,32.09,0.0
95776,242.24,0.0
95811,7.47,0.0
95814,3.74,0.0
95815,21.4,0.0
95816,5.39,0.0
95817,5.91,0.0
95818,10.4,0.0
95819,9.17,0.0
95820,13.42,0.0
95821,18.7,0.0
95822,22.14,0.0
95823,30.58,0.0
95824,10.39,0.0
95825,12.14,0.0
95826,30.34,0.0
95827,20.25,0.0
95828,32.06,0.0
95829,53.77,0.0
95830,33.84,0.0
95831,19.56,0.0
95832,22.98,0.0
95833,21.05,0.0
95834,26.72,0.0
95835,23.4,0.0
95837,47.85,0.0
95838,23.33,0.0
95841,10.58,0.0
95842,9.91,0.0
95843,16.64,0.0
95864,16.87,0.0
95901,513.0,26.6
95903,37.6,0.0
95910,88.65,34.8
95912,468.5,20.6
95914,37.86,98.5
95915,57.92,3.7
95916,271.18,58.5
95917,179.41,0.0
95918,184.34,97.6
95919,63.74,97.0
95920,179.54,0.0
95922,173.77,31.7
95923,25.98,14.4
95925,91.55,53.8
95926,19.66,0.0
95928,362.44,25.7
95930,43.58,70.8
95932,326.41,0.0
95934,53.64,38.4
95935,61.49,88.1
95936,271.31,12.4
95937,131.8,20.2
95938,186.25,0.0
95939,800.42,54.6
95941,41.07,79.3
95942,145.01,72.3
95943,169.45,0.0
95944,131.13,24.3
95945,168.6,88.0
95946,111.42,93.9
95947,338.0,35.4
95948,202.71,0.0
95949,362.21,98.0
95950,132.44,0.0
95951,49.87,0.0
95953,295.6,0.0
95954,186.75,78.5
95955,319.07,15.5
95956,175.59,7.9
95957,182.66,0.0
95959,646.33,68.6
95960,125.12,63.5
95961,120.22,0.0
95962,77.25,98.8
95963,806.32,32.5
95965,872.06,41.1
95966,499.38,79.2
95968,3.97,0.0
95969,153.53,96.6
95970,122.58,0.0
95971,261.84,35.6
95973,867.12,64.3
95974,21.78,0.0
95975,24.34,87.6
95977,101.53,97.2
95978,16.28,84.9
95979,743.58,50.1
95981,107.35,48.7
95982,115.09,0.0
95983,305.01,19.1
95984,86.03,19.6
95986,21.11,50.9
95987,867.08,54.4
95988,806.03,42.7
95991,108.07,0.0
95993,221.86,0.0
96001,231.77,56.5
96002,80.38,17.1
96003,673.6,43.1
96006,420.07,22.4
96007,340.73,77.3
96008,94.19,93.9
96009,575.98,29.9
96010,1042.14,1.4
96011,832.15,51.5
96013,602.58,72.7
96014,345.16,70.6
96015,648.93,24.0
96016,110.47,39.2
96017,380.16,53.4
96019,28.07,83.9
96020,104.8,31.5
96021,625.74,46.0
96022,628.75,92.7
96023,713.9,34.7
96024,462.42,67.4
96025,238.59,57.7
96027,1236.88,20.5
96028,439.42,39.5
96029,90.49,100.0
96031,921.34,1.2
96032,1183.85,52.3
96033,375.67,38.5
96034,286.93,65.8
96035,120.78,0.1
96037,10.63,97.5
96038,46.21,67.5
96039,1618.97,1.7
96040,319.83,14.8
96041,853.14,21.3
96044,370.65,86.6
96046,464.44,21.3
96047,533.62,94.7
96048,397.8,13.4
96049,41.29,7.1
96050,741.88,45.9
96051,852.65,36.9
96052,204.34,47.8
96054,335.08,33.4
96055,165.46,64.2
96056,886.11,34.4
96057,818.86,56.8
96058,1134.36,33.4
96059,203.19,95.8
96061,106.87,42.4
96062,188.92,98.7
96063,31.15,37.2
96064,1250.01,73.6
96065,220.32,94.6
96067,354.18,29.9
96068,104.69,56.4
96069,230.07,97.8
96071,208.3,22.8
96073,116.49,99.0
96074,259.69,79.6
96075,177.82,90.4
96076,536.79,41.3
96080,1594.14,76.5
96084,276.21,65.4
96085,193.6,16.1
96086,666.69,4.2
96087,215.72,16.8
96088,408.81,96.5
96090,2.66,0.0
96091,1175.29,23.7
96092,127.92,82.4
96093,152.03,46.7
96094,652.25,53.0
96096,295.23,99.7
96097,494.43,53.9
96101,1541.0,29.6
96103,326.8,36.7
96104,547.85,6.7
96105,655.42,35.5
96106,60.4,79.5
96107,230.1,21.5
96108,517.25,24.5
96109,517.57,48.7
96110,425.59,5.9
96111,86.95,36.0
96112,348.58,17.9
96113,17.95,46.7
96114,181.44,42.7
96115,360.68,6.5
96116,657.23,14.0
96117,850.08,20.0
96118,526.02,19.2
96119,425.52,36.2
96120,547.18,15.9
96121,90.23,30.8
96122,158.92,47.5
96123,536.08,33.2
96124,149.52,29.6
96125,257.63,29.0
96126,232.04,39.7
96128,81.62,10.3
96129,244.81,23.8
96130,1365.84,41.6
96132,1011.96,50.3
96133,36.25,2.2
96134,904.6,15.5
96135,86.38,14.3
96136,385.06,3.6
96137,125.32,83.3
96140,12.57,41.7
96141,31.96,31.2
96142,57.6,35.0
96143,14.76,52.6
96145,98.88,23.5
96146,54.2,46.5
96148,3.77,76.9
96150,331.85,18.4
96155,95.86,1.8
96161,474.9,58.8
97635,106.75,40.7
